ID,round,round_turn,case,value,offer,game_ended,decision_made,original_case,winnings,meg_comments
1,1,1,23,25,,,,,,
1,1,2,3,0.01,,,,,,
1,1,3,18,200,,,,,,
1,1,4,22,5,,,,,,
1,1,5,6,400,,,,,,
1,1,6,25,5000,21000,,,,,
1,2,1,15,750000,,,,,,
1,2,2,10,1000000,,,,,,
1,2,3,24,100,,,,,,
1,2,4,2,750,,,,,,
1,2,5,20,400000,37000,,,,,
1,3,1,26,50,,,,,,
1,3,2,11,10,,,,,,
1,3,3,4,100000,,,,,,
1,3,4,16,75000,53000,,,,,
1,4,1,9,1000,,,,,,
1,4,2,7,1,,,,,,
1,4,3,1,200000,77000,,,,,
1,5,1,21,10000,,,,,,
1,5,2,13,300000,63000,,,,,
1,6,1,12,25000,90000,,,,,
1,7,1,19,300,138000,,,,,
1,8,1,8,500000,17000,,,,,
1,9,1,5,75,25000,1,1,,25000,
1,10,1,14,500,,1,,1,,
1,11,1,17,50000,,1,,,,
2,1,1,24,200,,,,,,
2,1,2,5,200000,,,,,,
2,1,3,17,25,,,,,,
2,1,4,15,50000,,,,,,
2,1,5,21,25000,,,,,,
2,1,6,13,750000,7000,,,,,
2,2,1,1,75000,,,,,,
2,2,2,26,100000,,,,,,
2,2,3,10,1000000,,,,,,
2,2,4,6,400,,,,,,
2,2,5,20,0.01,19000,,,,,
2,3,1,12,1000,,,,,,
2,3,2,23,100,,,,,,
2,3,3,19,50,,,,,,
2,3,4,7,75,36000,,,,,
2,4,1,14,5,,,,,,
2,4,2,3,500,,,,,,
2,4,3,18,10,63000,,,,,
2,5,1,16,5000,,,,,,
2,5,2,25,1,99000,,,,,
2,6,1,4,300,162000,,,,,
2,7,1,8,750,240000,,,,,
2,8,1,9,500000,189000,1,1,,189000,
2,9,1,22,300000,,1,,,,
2,10,1,2,10000,,1,,1,,
2,11,1,11,400000,,1,,,,
3,1,1,1,100000,,,,,,
3,1,2,7,300,,,,,,
3,1,3,14,750,,,,,,
3,1,4,6,200000,,,,,,
3,1,5,13,50000,,,,,,
3,1,6,3,10000,13000,,,,,
3,2,1,20,50,,,,,,
3,2,2,4,1000,,,,,,
3,2,3,12,75000,,,,,,
3,2,4,2,25000,,,,,,
3,2,5,5,750000,27000,,,,,
3,3,1,18,1,,,,,,
3,3,2,24,400000,,,,,,
3,3,3,26,100,,,,,,
3,3,4,9,0.01,48000,,,,,
3,4,1,15,25,,,,,,
3,4,2,23,300000,,,,,,
3,4,3,21,400,76000,,,,,
3,5,1,11,200,,,,,,
3,5,2,22,5,124000,,,,,
3,6,1,10,500000,121000,,,,,
3,7,1,17,500,201000,1,1,,201000,
3,8,1,25,75,,1,,,,
3,9,1,19,5000,500000,1,,,,
3,10,1,8,10,,1,,1,,
3,11,1,16,1000000,,1,,,,
4,1,1,18,500,,,,,,
4,1,2,22,400,,,,,,
4,1,3,2,0.01,,,,,,
4,1,4,19,300000,,,,,,
4,1,5,4,750000,,,,,,
4,1,6,15,25,11000,,,,,
4,2,1,13,10,,,,,,
4,2,2,7,1000000,,,,,,
4,2,3,24,750,,,,,,
4,2,4,9,1,,,,,,
4,2,5,1,100000,19000,,,,,
4,3,1,11,1000,,,,,,
4,3,2,17,25000,,,,,,
4,3,3,14,75,,,,,,
4,3,4,23,75000,37000,,,,,
4,4,1,26,50000,,,,,,
4,4,2,12,400000,,,,,,
4,4,3,10,300,32000,,,,,
4,5,1,5,100,,,,,,
4,5,2,3,500000,25000,,,,,
4,6,1,25,10000,37000,,,,,
4,7,1,8,5000,50000,,,,,
4,8,1,16,200,67000,,,,,
4,9,1,20,5,99000,1,1,,99000,
4,10,1,6,50,,1,,1,,
4,11,1,21,200000,,1,,,,
5,1,1,3,300000,,,,,,
5,1,2,8,500,,,,,,
5,1,3,4,0.01,,,,,,
5,1,4,13,75000,,,,,,
5,1,5,15,750,,,,,,
5,1,6,25,10000,9000,,,,,
5,2,1,14,200000,,,,,,
5,2,2,16,50000,,,,,,
5,2,3,10,100000,,,,,,
5,2,4,17,400,,,,,,
5,2,5,7,1,28000,,,,,
5,3,1,24,10,,,,,,
5,3,2,6,5000,,,,,,
5,3,3,9,400000,,,,,,
5,3,4,21,5,58000,,,,,
5,4,1,11,750000,,,,,,
5,4,2,1,1000,,,,,,
5,4,3,12,75,75000,,,,,
5,5,1,26,100,,,,,,
5,5,2,19,25000,113000,,,,,
5,6,1,22,25,199000,,,,,
5,7,1,5,300,275000,,,,,
5,8,1,23,500000,267000,1,1,,267000,
5,9,1,2,1000000,,1,,,,
5,10,1,18,200,,1,,1,,
5,11,1,20,50,,1,,,,
6,1,1,24,300000,,,,,,
6,1,2,16,5,,,,,,
6,1,3,18,0.01,,,,,,
6,1,4,25,200000,,,,,,
6,1,5,8,100,,,,,,
6,1,6,7,500000,9000,,,,,
6,2,1,5,25000,,,,,,
6,2,2,17,100000,,,,,,
6,2,3,22,500,,,,,,
6,2,4,19,750,,,,,,
6,2,5,2,400000,19000,,,,,
6,3,1,21,1000,,,,,,
6,3,2,6,1000000,,,,,,
6,3,3,13,750000,,,,,,
6,3,4,11,75,12000,,,,,
6,4,1,12,50,,,,,,
6,4,2,1,400,,,,,,
6,4,3,14,10000,15000,,,,,
6,5,1,3,5000,,,,,,
6,5,2,20,300,19000,,,,,
6,6,1,23,1,23000,,,,,
6,7,1,9,10,28000,,,,,
6,8,1,4,25,35000,,,,,
6,9,1,15,75000,23000,1,1,,23000,
6,10,1,26,50000,,1,,1,,
6,11,1,10,200,,1,,,,
7,1,1,6,300000,,,,,,
7,1,2,10,1000000,,,,,,
7,1,3,7,500000,,,,,,
7,1,4,17,25000,,,,,,
7,1,5,11,5,,,,,,
7,1,6,4,25,4000,,,,,
7,2,1,23,500,,,,,,
7,2,2,19,5000,,,,,,
7,2,3,13,200000,,,,,,
7,2,4,5,400000,,,,,,
7,2,5,16,1000,13000,,,,,
7,3,1,15,300,,,,,,
7,3,2,25,100,,,,,,
7,3,3,8,0.01,,,,,,
7,3,4,20,750000,9000,,,,,
7,4,1,1,200,,,,,,
7,4,2,9,50,,,,,,
7,4,3,14,10000,18000,,,,,
7,5,1,21,750,,,,,,
7,5,2,12,10,26000,,,,,
7,6,1,26,50000,22000,,,,,
7,7,1,18,1,40000,,,,,
7,8,1,24,400,55000,,,,,
7,9,1,2,75,85000,,,,,
7,10,1,3,75000,,1,1,1,75000,
7,11,1,22,100000,,1,,,,
8,1,1,19,1,,,,,,
8,1,2,15,25000,,,,,,
8,1,3,9,75000,,,,,,
8,1,4,4,0.01,,,,,,
8,1,5,3,750,,,,,,
8,1,6,22,400000,17000,,,,,
8,2,1,11,300,,,,,,
8,2,2,26,5,,,,,,
8,2,3,1,200,,,,,,
8,2,4,17,1000000,,,,,,
8,2,5,5,50,22000,,,,,
8,3,1,6,100000,,,,,,
8,3,2,2,5000,,,,,,
8,3,3,13,200000,,,,,,
8,3,4,7,1000,35000,,,,,
8,4,1,16,500,,,,,,
8,4,2,14,300000,,,,,,
8,4,3,18,50000,68000,,,,,
8,5,1,23,10000,,,,,,
8,5,2,8,400,125000,,,,,
8,6,1,12,75,199000,,,,,
8,7,1,25,10,279000,,,,,
8,8,1,21,100,359000,1,1,,359000,
8,9,1,10,500000,,1,,,,
8,10,1,24,10,,1,,1,,
8,11,1,20,750000,,1,,,,
9,1,1,4,25000,,,,,,
9,1,2,2,75,,,,,,
9,1,3,14,10000,,,,,,
9,1,4,1,400000,,,,,,
9,1,5,22,300,,,,,,
9,1,6,12,100,10000,,,,,
9,2,1,15,100000,,,,,,
9,2,2,13,75000,,,,,,
9,2,3,18,10,,,,,,
9,2,4,7,200000,,,,,,
9,2,5,21,25,31000,,,,,
9,3,1,10,500000,,,,,,
9,3,2,6,1000,,,,,,
9,3,3,23,0.01,,,,,,
9,3,4,20,50,48000,,,,,
9,4,1,3,1000000,,,,,,
9,4,2,24,50000,,,,,,
9,4,3,17,500,39000,,,,,
9,5,1,8,400,,,,,,
9,5,2,11,5000,66000,,,,,
9,6,1,19,750,97000,,,,,
9,7,1,5,200,172000,,,,,
9,8,1,25,750000,80000,,,,,
9,9,1,26,300000,2,,,,,
9,10,1,16,5,,1,1,1,5,
9,11,1,9,1,,1,,,,
10,1,1,12,0.01,,,,,,
10,1,2,16,1,,,,,,
10,1,3,10,400000,,,,,,
10,1,4,11,25,,,,,,
10,1,5,9,500,,,,,,
10,1,6,22,10,25000,,,,,
10,2,1,13,75,,,,,,
10,2,2,5,750000,,,,,,
10,2,3,6,300,,,,,,
10,2,4,4,200000,,,,,,
10,2,5,3,500000,15000,,,,,
10,3,1,21,1000000,,,,,,
10,3,2,23,400,,,,,,
10,3,3,25,750,,,,,,
10,3,4,18,5,21000,,,,,
10,4,1,17,300000,,,,,,
10,4,2,15,1000,,,,,,
10,4,3,24,10000,13000,,,,,
10,5,1,26,50,,,,,,
10,5,2,1,200,30000,,,,,
10,6,1,19,100000,16000,,,,,
10,7,1,14,75000,12000,,,,,
10,8,1,2,100,24000,,,,,
10,9,1,20,5000,38000,,,,,
10,10,1,8,25000,,1,1,1,25000,
10,11,1,7,50000,,1,,,,
11,1,1,10,300,,,,,,
11,1,2,26,100,,,,,,
11,1,3,12,1000,,,,,,
11,1,4,9,10,,,,,,
11,1,5,18,500000,,,,,,
11,1,6,8,5,21000,,,,,
11,2,1,22,75000,,,,,,
11,2,2,4,300000,,,,,,
11,2,3,20,400,,,,,,
11,2,4,25,1000000,,,,,,
11,2,5,3,25000,17000,,,,,
11,3,1,2,100000,,,,,,
11,3,2,11,75,,,,,,
11,3,3,6,500,,,,,,
11,3,4,15,200,33000,,,,,
11,4,1,17,10000,,,,,,
11,4,2,7,25,,,,,,
11,4,3,5,400000,56000,,,,,
11,5,1,23,0.01,,,,,,
11,5,2,19,50000,82000,,,,,
11,6,1,13,750000,37000,,,,,
11,7,1,24,1,50000,1,1,,50000,
11,8,1,1,750,75000,1,,,,
11,9,1,16,200000,,1,,,,
11,10,1,21,5000,,1,,1,,
11,11,1,14,50,,1,,,,
12,1,1,6,100,,,,,,
12,1,2,1,500,,,,,,
12,1,3,26,500000,,,,,,
12,1,4,13,400,,,,,,
12,1,5,14,10000,,,,,,
12,1,6,20,25,19000,,,,,
12,2,1,10,25000,,,,,,
12,2,2,17,10,,,,,,
12,2,3,4,75000,,,,,,
12,2,4,2,5000,,,,,,
12,2,5,7,200,35000,,,,,
12,3,1,15,1000,,,,,,
12,3,2,19,300,,,,,,
12,3,3,9,5,,,,,,
12,3,4,3,1,126000,,,,,
12,4,1,8,1000000,,,,,,
12,4,2,23,50,,,,,,
12,4,3,25,100000,98000,,,,,
12,5,1,11,300000,,,,,,
12,5,2,24,400000,60000,,,,,
12,6,1,22,200000,48000,,,,,
12,7,1,12,750000,14000,,,,,
12,8,1,5,75,19000,1,1,,19000,
12,9,1,16,750,,1,,,,
12,10,1,21,0.01,,1,,1,,
12,11,1,18,50000,,1,,,,
13,1,1,16,100,,,,,,
13,1,2,10,400000,,,,,,
13,1,3,20,400,,,,,,
13,1,4,5,75000,,,,,,
13,1,5,22,25,,,,,,
13,1,6,15,100000,15000,,,,,
13,2,1,11,300,,,,,,
13,2,2,26,25000,,,,,,
13,2,3,8,300000,,,,,,
13,2,4,19,0.01,,,,,,
13,2,5,14,1,37000,,,,,
13,3,1,13,750,,,,,,
13,3,2,21,10000,,,,,,
13,3,3,6,750000,,,,,,
13,3,4,9,10,66000,,,,,
13,4,1,3,200000,,,,,,
13,4,2,24,1000,,,,,,
13,4,3,1,5,110000,,,,,
13,5,1,18,5000,,,,,,
13,5,2,2,50,198000,,,,,
13,6,1,25,1000000,85000,,,,,
13,7,1,7,75,139000,,,,,
13,8,1,4,200,202000,1,1,,202000,
13,9,1,12,500,300000,1,,,,
13,10,1,17,50000,,1,,1,,
13,11,1,23,500000,,1,,,,
14,1,1,7,25,,,,,,
14,1,2,4,100,,,,,,
14,1,3,5,5,,,,,,
14,1,4,2,400,,,,,,
14,1,5,12,10,,,,,,
14,1,6,6,25000,22000,,,,,
14,2,1,8,1,,,,,,
14,2,2,9,200000,,,,,,
14,2,3,1,50,,,,,,
14,2,4,20,10000,,,,,,
14,2,5,16,75,71000,,,,,
14,3,1,10,400000,,,,,,
14,3,2,15,500,,,,,,
14,3,3,21,300,,,,,,
14,3,4,18,200,187000,,,,,
14,4,1,23,500000,,,,,,
14,4,2,19,750000,,,,,,
14,4,3,14,100000,107000,,,,,
14,5,1,13,50000,,,,,,
14,5,2,17,300000,95000,,,,,
14,6,1,3,750,123000,,,,,
14,7,1,24,1000000,19000,,,,,
14,8,1,22,75000,2000,,,,,
14,9,1,25,1000,2800,,,,,
14,10,1,11,5000,,1,1,1,5000,
14,11,1,26,0.01,,1,,,,
15,1,1,16,500,,,,,,
15,1,2,10,75,,,,,,
15,1,3,6,75000,,,,,,
15,1,4,21,1000000,,,,,,
15,1,5,11,1000,,,,,,
15,1,6,2,50000,13000,,,,,
15,2,1,23,750,,,,,,
15,2,2,19,10000,,,,,,
15,2,3,13,300,,,,,,
15,2,4,7,200,,,,,,
15,2,5,26,5000,37000,,,,,
15,3,1,15,0.01,,,,,,
15,3,2,18,400,,,,,,
15,3,3,17,25000,,,,,,
15,3,4,24,750000,52000,,,,,
15,4,1,1,100,,,,,,
15,4,2,8,5,,,,,,
15,4,3,9,500000,88000,,,,,
15,5,1,4,100000,,,,,,
15,5,2,5,10,109000,,,,,
15,6,1,20,25,164000,,,,,
15,7,1,12,50,221000,1,1,,221000,
15,8,1,14,1,330000,1,,,,
15,9,1,25,300000,,1,,,,
15,10,1,3,400000,,1,,1,,
15,11,1,22,200000,,1,,,,
16,1,1,1,750,,,,,,
16,1,2,3,1000,,,,,,
16,1,3,4,25000,,,,,,
16,1,4,5,5,,,,,,
16,1,5,6,50,,,,,,
16,1,6,9,1,26000,,,,,
16,2,1,11,75000,,,,,,
16,2,2,14,400000,,,,,,
16,2,3,15,10000,,,,,,
16,2,4,18,100000,,,,,,
16,2,5,19,10,48000,,,,,
16,3,1,12,100,,,,,,
16,3,2,16,25,,,,,,
16,3,3,26,200,,,,,,
16,3,4,22,750000,39000,,,,,
16,4,1,24,75,,,,,,
16,4,2,2,50000,,,,,,
16,4,3,13,500,90000,,,,,
16,5,1,21,300,,,,,,
16,5,2,23,5000,179000,,,,,
16,6,1,20,300000,199000,,,,,
16,7,1,25,1000000,109000,1,1,,109000,
16,8,1,10,200000,183000,1,,,,
16,9,1,7,0.01,225000,1,,,,
16,10,1,17,500000,,1,,1,,
16,11,1,8,400,,1,,,,
17,1,1,19,100000,,,,,,
17,1,2,6,50000,,,,,,
17,1,3,14,0.01,,,,,,
17,1,4,9,10000,,,,,,
17,1,5,24,75000,,,,,,
17,1,6,22,300000,9000,,,,,
17,2,1,5,5,,,,,,
17,2,2,2,5000,,,,,,
17,2,3,20,400000,,,,,,
17,2,4,15,1000000,,,,,,
17,2,5,1,500000,7000,,,,,
17,3,1,18,1000,,,,,,
17,3,2,4,25,,,,,,
17,3,3,12,200000,,,,,,
17,3,4,17,10,16000,,,,,
17,4,1,13,50,,,,,,
17,4,2,26,25000,,,,,,
17,4,3,3,750000,250,,,,,
17,5,1,8,200,,,,,,
17,5,2,23,1,300,,,,,
17,6,1,10,300,350,,,,,
17,7,1,21,100,400,,,,,
17,8,1,16,400,450,,,,,
17,9,1,25,75,650,,,,,
17,10,1,11,750,,1,1,1,750,
17,11,1,7,500,,1,,,,
18,1,1,19,750,,,,,,
18,1,2,10,0.01,,,,,,
18,1,3,14,50,,,,,,
18,1,4,20,10000,,,,,,
18,1,5,4,400000,,,,,,
18,1,6,1,400,19000,,,,,
18,2,1,18,25,,,,,,
18,2,2,3,1000000,,,,,,
18,2,3,16,1,,,,,,
18,2,4,24,500,,,,,,
18,2,5,6,200000,28000,,,,,
18,3,1,9,1000,,,,,,
18,3,2,26,25000,,,,,,
18,3,3,17,750000,,,,,,
18,3,4,13,50000,34000,,,,,
18,4,1,8,100000,,,,,,
18,4,2,11,75,,,,,,
18,4,3,15,75000,55000,,,,,
18,5,1,22,100,,,,,,
18,5,2,25,500000,34000,,,,,
18,6,1,12,5000,52000,,,,,
18,7,1,7,300,76000,,,,,
18,8,1,5,300000,50,,,,,
18,9,1,2,200,8,1,1,,8,
18,10,1,21,5,,1,,1,,
18,11,1,23,10,,1,,,,
19,1,1,21,25000,,,,,,
19,1,2,2,75,,,,,,
19,1,3,16,500,,,,,,
19,1,4,24,1,,,,,,
19,1,5,6,750,,,,,,
19,1,6,20,10,26000,,,,,
19,2,1,15,100000,,,,,,
19,2,2,14,75000,,,,,,
19,2,3,11,500000,,,,,,
19,2,4,3,50,,,,,,
19,2,5,7,750000,19000,,,,,
19,3,1,1,400000,,,,,,
19,3,2,4,25,,,,,,
19,3,3,17,50000,,,,,,
19,3,4,13,1000000,15000,,,,,
19,4,1,12,0.01,,,,,,
19,4,2,10,5000,,,,,,
19,4,3,5,10000,38000,,,,,
19,5,1,23,1000,,,,,,
19,5,2,8,300000,20000,,,,,
19,6,1,26,200000,100,,,,,
19,7,1,18,200,150,,,,,
19,8,1,25,300,125,,,,,
19,9,1,22,400,50,1,1,,50,
19,10,1,9,5,,1,,1,,
19,11,1,19,100,,1,,,,
20,1,1,26,25000,,,,,,
20,1,2,25,25,,,,,,
20,1,3,21,300,,,,,,
20,1,4,17,100000,,,,,,
20,1,5,23,5,,,,,,
20,1,6,19,1000000,9000,,,,,
20,2,1,1,100,,,,,,
20,2,2,3,400,,,,,,
20,2,3,13,1000,,,,,,
20,2,4,15,50,,,,,,
20,2,5,9,200,21000,,,,,
20,3,1,5,50000,,,,,,
20,3,2,11,75000,,,,,,
20,3,3,12,1,,,,,,
20,3,4,10,500000,74000,,,,,
20,4,1,20,750000,,,,,,
20,4,2,4,0.01,,,,,,
20,4,3,6,300000,48000,,,,,
20,5,1,8,200000,,,,,,
20,5,2,2,10,35000,,,,,
20,6,1,14,5000,69000,1,1,,69000,
20,7,1,22,400000,,1,,,,
20,8,1,16,75,,1,,,,
20,9,1,18,500,,1,,,,
20,10,1,7,750,,1,,1,,
20,11,1,24,10000,,1,,,,
21,1,1,17,100,,,,,,
21,1,2,4,10,,,,,,
21,1,3,22,1000000,,,,,,
21,1,4,8,200000,,,,,,
21,1,5,12,50,,,,,,
21,1,6,5,0.01,13000,,,,,
21,2,1,19,500000,,,,,,
21,2,2,1,750000,,,,,,
21,2,3,6,5,,,,,,
21,2,4,26,75,,,,,,
21,2,5,15,50000,17000,,,,,
21,3,1,13,1000,,,,,,
21,3,2,24,100000,,,,,,
21,3,3,21,5000,,,,,,
21,3,4,2,750,31000,,,,,
21,4,1,7,25000,,,,,,
21,4,2,23,300,,,,,,
21,4,3,11,25,60000,,,,,
21,5,1,25,75000,,,,,,
21,5,2,9,1,94000,1,1,,94000,
21,6,1,10,200,112000,1,,,,
21,7,1,20,400,130000,1,,,,
21,8,1,14,500,209000,1,,,,
21,9,1,16,10000,347000,1,,,,
21,10,1,3,400000,,1,,1,,
21,11,1,18,300000,,1,,,,
22,1,1,26,300,,,,,,
22,1,2,19,25,,,,,,
22,1,3,16,10,,,,,,
22,1,4,8,200,,,,,,
22,1,5,5,25000,,,,,,
22,1,6,11,5,22000,,,,,
22,2,1,23,50,,,,,,
22,2,2,2,750,,,,,,
22,2,3,17,1,,,,,,
22,2,4,20,10000,,,,,,
22,2,5,9,500000,67000,,,,,
22,3,1,3,1000000,,,,,,
22,3,2,4,0.01,,,,,,
22,3,3,10,500,,,,,,
22,3,4,24,100,130000,,,,,
22,4,1,18,750000,,,,,,
22,4,2,21,200000,,,,,,
22,4,3,22,75,91000,,,,,
22,5,1,7,400,,,,,,
22,5,2,25,100000,103000,,,,,
22,6,1,14,400000,55000,,,,,
22,7,1,1,75000,80000,,,,,
22,8,1,6,30000,21000,1,1,,21000,
22,9,1,12,5000,,1,,,,
22,10,1,15,1000,,1,,1,,
22,11,1,13,50000,,1,,,,
23,1,1,7,0.01,,,,,,
23,1,2,22,400,,,,,,
23,1,3,4,300000,,,,,,
23,1,4,2,25000,,,,,,
23,1,5,26,10000,,,,,,
23,1,6,10,100,12000,,,,,
23,2,1,13,750,,,,,,
23,2,2,18,75000,,,,,,
23,2,3,1,10,,,,,,
23,2,4,20,1000000,,,,,,
23,2,5,9,1000,21000,,,,,
23,3,1,17,500,,,,,,
23,3,2,23,1,,,,,,
23,3,3,3,500000,,,,,,
23,3,4,5,400000,17000,,,,,
23,4,1,12,5000,,,,,,
23,4,2,21,300,,,,,,
23,4,3,19,200,17000,,,,,
23,5,1,6,75,,,,,,
23,5,2,24,50,99000,,,,,
23,6,1,11,5,148990,,,,,
23,7,1,16,200000,126000,,,,,
23,8,1,8,25,252000,1,1,,252000,
23,9,1,25,100000,440000,1,,,,
23,10,1,15,750000,,1,,1,,
23,11,1,14,50000,,1,,,,
24,1,1,1,200000,,,,,,
24,1,2,3,5000,,,,,,
24,1,3,13,75,,,,,,
24,1,4,22,1000000,,,,,,
24,1,5,8,50000,,,,,,
24,1,6,21,5,9000,,,,,
24,2,1,7,1000,,,,,,
24,2,2,16,300000,,,,,,
24,2,3,6,400,,,,,,
24,2,4,10,500000,,,,,,
24,2,5,18,25,16000,,,,,
24,3,1,17,100,,,,,,
24,3,2,26,75000,,,,,,
24,3,3,15,25000,,,,,,
24,3,4,5,500,31000,,,,,
24,4,1,24,10000,,,,,,
24,4,2,9,1,,,,,,
24,4,3,11,50,73000,,,,,
24,5,1,12,750,,,,,,
24,5,2,25,200,145000,,,,,
24,6,1,23,100000,172000,,,,,
24,7,1,2,300,199000,,,,,
24,8,1,20,10,375000,1,1,,375000,
24,9,1,14,750000,,1,,,,
24,10,1,19,400000,,1,,1,,
24,11,1,4,0.01,,1,,,,
25,1,1,25,5000,,,,,,
25,1,2,7,75000,,,,,,
25,1,3,20,1000000,,,,,,
25,1,4,3,5,,,,,,
25,1,5,9,50000,,,,,,
25,1,6,21,400000,6000,,,,,
25,2,1,10,25000,,,,,,
25,2,2,1,300000,,,,,,
25,2,3,23,1000,,,,,,
25,2,4,17,100000,,,,,,
25,2,5,14,750,11000,,,,,
25,3,1,5,300,,,,,,
25,3,2,11,500,,,,,,
25,3,3,13,50,,,,,,
25,3,4,15,200000,26000,,,,,
25,4,1,24,10,,,,,,
25,4,2,12,500000,,,,,,
25,4,3,19,25,21000,,,,,
25,5,1,26,1,,,,,,
25,5,2,16,75,63000,,,,,
25,6,1,6,10000,96000,1,1,,96000,
25,7,1,22,0.01,175000,1,,,,
25,8,1,2,200,210000,1,,,,
25,9,1,4,100,400000,1,,,,
25,10,1,18,400,,1,,1,,
25,11,1,8,750000,,1,,,,
26,1,1,2,400,,,,,,
26,1,2,5,5000,,,,,,
26,1,3,15,0.01,,,,,,
26,1,4,8,200,,,,,,
26,1,5,9,100000,,,,,,
26,1,6,20,50000,21000,,,,,
26,2,1,1,1000000,,,,,,
26,2,2,3,10,,,,,,
26,2,3,4,10000,,,,,,
26,2,4,7,400000,,,,,,
26,2,5,6,25000,18000,,,,,
26,3,1,23,300000,,,,,,
26,3,2,16,100,,,,,,
26,3,3,13,75,,,,,,
26,3,4,22,750000,26000,,,,,
26,4,1,21,750,,,,,,
26,4,2,17,1,,,,,,
26,4,3,18,500000,9000,,,,,
26,5,1,24,25,,,,,,
26,5,2,19,5,29000,,,,,
26,6,1,12,300,44000,1,1,,44000,
26,7,1,10,50,,1,,,,
26,8,1,11,1000,,1,,,,
26,9,1,14,500,,1,,,,
26,10,1,26,200000,,1,,1,,
26,11,1,25,75000,,1,,,,
27,1,1,19,400000,,,,,,
27,1,2,8,750,,,,,,
27,1,3,4,0.01,,,,,,
27,1,4,23,10,,,,,,
27,1,5,15,100,,,,,,
27,1,6,13,300,22000,,,,,
27,2,1,11,75,,,,,,
27,2,2,24,500000,,,,,,
27,2,3,21,25,,,,,,
27,2,4,16,1,,,,,,
27,2,5,1,200,50000,,,,,
27,3,1,14,5,,,,,,
27,3,2,9,750000,,,,,,
27,3,3,3,300000,,,,,,
27,3,4,17,400,44000,,,,,
27,4,1,22,50,,,,,,
27,4,2,12,10000,,,,,,
27,4,3,7,1000,87000,,,,,
27,5,1,20,50000,,,,,,
27,5,2,26,5000,131000,,,,,
27,6,1,25,25000,211000,1,1,,211000,
27,7,1,6,100000,340000,1,,,,
27,8,1,10,500,468000,1,,,,
27,9,1,18,75000,660000,1,,,,
27,10,1,5,200000,,1,,1,,
27,11,1,2,1000000,,1,,,,
28,1,1,3,200,,,,,,
28,1,2,15,0.01,,,,,,
28,1,3,24,300000,,,,,,
28,1,4,7,1000,,,,,,
28,1,5,14,750000,,,,,,
28,1,6,6,75,14000,,,,,
28,2,1,19,50000,,,,,,
28,2,2,10,400000,,,,,,
28,2,3,2,400,,,,,,
28,2,4,5,25000,,,,,,
28,2,5,9,100,36000,,,,,
28,3,1,8,500,,,,,,
28,3,2,11,750,,,,,,
28,3,3,17,10,,,,,,
28,3,4,26,5000,61000,,,,,
28,4,1,23,1,,,,,,
28,4,2,18,50,,,,,,
28,4,3,4,100000,88000,,,,,
28,5,1,22,5,,,,,,
28,5,2,20,75000,127000,,,,,
28,6,1,21,500000,119000,1,1,,119000,
28,7,1,1,1000000,,1,,,,
28,8,1,12,10000,,1,,,,
28,9,1,16,25,,1,,,,
28,10,1,13,200000,,1,,1,,
28,11,1,25,300,,1,,,,
29,1,1,9,400,,,,,,
29,1,2,19,5000,,,,,,
29,1,3,22,200000,,,,,,
29,1,4,7,500000,,,,,,
29,1,5,3,1000,,,,,,
29,1,6,5,25000,14000,,,,,
29,2,1,21,50000,,,,,,
29,2,2,16,500,,,,,,
29,2,3,13,100,,,,,,
29,2,4,2,10,,,,,,
29,2,5,10,750,31000,,,,,
29,3,1,12,10000,,,,,,
29,3,2,17,300,,,,,,
29,3,3,25,100000,,,,,,
29,3,4,15,750000,27000,,,,,
29,4,1,18,75000,,,,,,
29,4,2,26,5,,,,,,
29,4,3,6,0.01,83000,,,,,
29,5,1,4,1,,,,,,
29,5,2,20,75,160000,,,,,
29,6,1,8,300000,148000,,,,,
29,7,1,1,200,301000,1,1,,301000,
29,8,1,14,1000000,,1,,,,
29,9,1,23,50,,1,,,,
29,10,1,11,25,,1,,1,,
29,11,1,24,400000,,1,,,,
30,1,1,15,50000,,,,,,
30,1,2,14,200000,,,,,,
30,1,3,4,5,,,,,,
30,1,4,9,400000,,,,,,
30,1,5,22,10000,,,,,,
30,1,6,3,75000,8000,,,,,
30,2,1,17,400,,,,,,
30,2,2,5,750,,,,,,
30,2,3,19,1000000,,,,,,
30,2,4,7,200,,,,,,
30,2,5,25,50,13000,,,,,
30,3,1,8,300000,,,,,,
30,3,2,6,5000,,,,,,
30,3,3,13,25000,,,,,,
30,3,4,24,500000,19000,,,,,
30,4,1,20,300,,,,,,
30,4,2,18,10,,,,,,
30,4,3,12,75,71000,,,,,
30,5,1,16,500,,,,,,
30,5,2,2,25,99000,,,,,
30,6,1,21,100,167000,1,1,,167000,
30,7,1,10,100000,142000,1,,,,
30,8,1,1,750000,,1,,,,
30,9,1,23,1000,,1,,,,
30,10,1,11,1,,1,,1,,
30,11,1,26,0.01,,1,,,,
31,1,1,3,750000,,,,,,
31,1,2,8,400,,,,,,
31,1,3,4,750,,,,,,
31,1,4,21,10000,,,,,,
31,1,5,12,300000,,,,,,
31,1,6,15,200,15000,,,,,
31,2,1,23,200000,,,,,,
31,2,2,11,500,,,,,,
31,2,3,10,25000,,,,,,
31,2,4,17,75000,,,,,,
31,2,5,13,0.01,33000,,,,,
31,3,1,16,50,,,,,,
31,3,2,18,75,,,,,,
31,3,3,25,100,,,,,,
31,3,4,1,5,102000,,,,,
31,4,1,22,1,,,,,,
31,4,2,5,50000,,,,,,
31,4,3,9,1000,185000,,,,,
31,5,1,6,10,,,,,,
31,5,2,26,25,303000,,,,,
31,6,1,14,100000,349000,,,,,
31,7,1,2,300,464000,1,1,,464000,
31,8,1,14,500000,430000,1,,,,
31,9,1,7,1000000,,1,,,,
31,10,1,20,400000,,1,,1,,
31,11,1,19,5000,,1,,,,
32,1,1,6,100000,,,,,,
32,1,2,5,50000,,,,,,
32,1,3,15,1,,,,,,
32,1,4,19,300000,,,,,,
32,1,5,21,25,,,,,,
32,1,6,9,200000,11000,,,,,
32,2,1,3,750,,,,,,
32,2,2,7,500,,,,,,
32,2,3,11,75000,,,,,,
32,2,4,13,300,,,,,,
32,2,5,23,0.01,37000,,,,,
32,3,1,25,75,,,,,,
32,3,2,1,25000,,,,,,
32,3,3,12,400000,,,,,,
32,3,4,22,10,48000,,,,,
32,4,1,8,200,,,,,,
32,4,2,24,100,,,,,,
32,4,3,4,5000,175000,,,,,
32,5,1,18,5,,,,,,
32,5,2,2,750000,134000,,,,,
32,6,1,26,50,263000,,,,,
32,7,1,14,10000,357000,,,,,
32,8,1,16,500000,215000,1,1,,215000,
32,9,1,20,1000,500000,1,,,,
32,10,1,17,1000000,,1,,1,,
32,11,1,10,400,,1,,,,
33,1,1,15,10000,,,,,,
33,1,2,13,0.01,,,,,,
33,1,3,16,1,,,,,,
33,1,4,8,500,,,,,,
33,1,5,22,1000,,,,,,
33,1,6,11,200,29000,,,,,
33,2,1,5,25,,,,,,
33,2,2,10,400000,,,,,,
33,2,3,9,400,,,,,,
33,2,4,2,10,,,,,,
33,2,5,19,5,66000,,,,,
33,3,1,26,50000,,,,,,
33,3,2,17,1000000,,,,,,
33,3,3,1,300,,,,,,
33,3,4,18,500000,43000,,,,,
33,4,1,3,750000,,,,,,
33,4,2,12,750,,,,,,
33,4,3,7,75000,37000,,,,,
33,5,1,20,100000,,,,,,
33,5,2,24,100,50000,,,,,
33,6,1,23,50,81000,,,,,
33,7,1,6,25000,124000,1,1,,124000,
33,8,1,4,200000,63000,1,,,,
33,9,1,21,75,140000,1,,,,
33,10,1,25,300000,,1,,1,,
33,11,1,14,5000,,1,,,,
34,1,1,16,750,,,,,,
34,1,2,8,50000,,,,,,
34,1,3,2,400000,,,,,,
34,1,4,15,500000,,,,,,
34,1,5,11,75,,,,,,
34,1,6,10,1000000,5000,,,,,
34,2,1,14,200000,,,,,,
34,2,2,21,5000,,,,,,
34,2,3,22,75000,,,,,,
34,2,4,18,400,,,,,,
34,2,5,19,50,16000,,,,,
34,3,1,9,100,,,,,,
34,3,2,5,25,,,,,,
34,3,3,17,10,,,,,,
34,3,4,7,200,60000,,,,,
34,4,1,23,750000,,,,,,
34,4,2,3,5,,,,,,
34,4,3,6,300,42000,,,,,
34,5,1,25,0.01,,,,,,
34,5,2,24,300000,19000,,,,,
34,6,1,26,1000,25000,1,1,,25000,
34,7,1,12,10000,34000,1,,,,
34,8,1,1,25000,37000,1,,,,
34,9,1,13,1,51000,1,,,,
34,10,1,4,100000,,1,,1,,
34,11,1,20,500,,1,,,,
35,1,1,2,10000,,,,,,
35,1,2,26,500000,,,,,,
35,1,3,11,1,,,,,,
35,1,4,22,400000,,,,,,
35,1,5,14,50000,,,,,,
35,1,6,13,1000,9000,,,,,
35,2,1,19,75,,,,,,
35,2,2,3,1000000,,,,,,
35,2,3,4,300000,,,,,,
35,2,4,9,25,,,,,,
35,2,5,6,10,9000,,,,,
35,3,1,25,750000,,,,,,
35,3,2,24,50,,,,,,
35,3,3,18,100,,,,,,
35,3,4,23,5000,15000,,,,,
35,4,1,21,25000,,,,,,
35,4,2,15,5,,,,,,
35,4,3,5,200,40000,,,,,
35,5,1,1,300,,,,,,
35,5,2,16,750,57000,,,,,
35,6,1,20,400,68000,,,,,
35,7,1,10,0.01,100000,1,1,,100000,
35,8,1,7,100000,75000,1,,,,
35,9,1,17,200000,,1,,,,
35,10,1,12,75,,1,,1,,
35,11,1,8,500,,1,,,,
36,1,1,13,1000000,,,,,,
36,1,2,2,500,,,,,,
36,1,3,14,200,,,,,,
36,1,4,20,750,,,,,,
36,1,5,6,10,,,,,,
36,1,6,18,300,13000,,,,,
36,2,1,21,400000,,,,,,
36,2,2,19,10000,,,,,,
36,2,3,7,0.01,,,,,,
36,2,4,15,750000,,,,,,
36,2,5,26,200000,8000,,,,,
36,3,1,11,25,,,,,,
36,3,2,1,75,,,,,,
36,3,3,22,50,,,,,,
36,3,4,12,1,52000,,,,,
36,4,1,10,5000,,,,,,
36,4,2,17,500000,,,,,,
36,4,3,23,50000,37000,,,,,
36,5,1,5,300000,,,,,,
36,5,2,4,100000,15000,,,,,
36,6,1,3,1000,20000,,,,,
36,7,1,16,75000,6000,,,,,
36,8,1,24,400,9000,1,1,,9000,
36,9,1,9,100,,1,,,,
36,10,1,8,5,,1,,1,,
36,11,1,25,25000,,1,,,,
37,1,1,3,200,,,,,,
37,1,2,10,100000,,,,,,
37,1,3,15,5000,,,,,,
37,1,4,21,10,,,,,,
37,1,5,22,5,,,,,,
37,1,6,20,750,23000,,,,,
37,2,1,18,200000,,,,,,
37,2,2,1,750000,,,,,,
37,2,3,14,0.01,,,,,,
37,2,4,17,75000,,,,,,
37,2,5,8,1000,31000,,,,,
37,3,1,2,400,,,,,,
37,3,2,19,75,,,,,,
37,3,3,12,500,,,,,,
37,3,4,25,25,74000,,,,,
37,4,1,16,400000,,,,,,
37,4,2,13,100,,,,,,
37,4,3,4,50,92000,,,,,
37,5,1,23,300,,,,,,
37,5,2,5,25000,186000,,,,,
37,6,1,24,10000,299000,,,,,
37,7,1,6,1000000,144000,,,,,
37,8,1,26,500000,70000,,,,,
37,9,1,9,300000,25000,1,1,,25000,
37,10,1,7,50000,,1,,1,,
37,11,1,11,1,,1,,,,
38,1,1,19,100,,,,,,
38,1,2,5,50,,,,,,
38,1,3,14,100000,,,,,,
38,1,4,18,75,,,,,,
38,1,5,15,200000,,,,,,
38,1,6,6,50000,14000,,,,,
38,2,1,26,5,,,,,,
38,2,2,20,75000,,,,,,
38,2,3,25,5000,,,,,,
38,2,4,8,500,,,,,,
38,2,5,16,25000,83000,,,,,
38,3,1,11,300,,,,,,
38,3,2,4,500000,,,,,,
38,3,3,12,10,,,,,,
38,3,4,9,400000,76000,,,,,
38,4,1,24,0.01,,,,,,
38,4,2,3,1,,,,,,
38,4,3,21,750000,61000,,,,,
38,5,1,1,200,,,,,,
38,5,2,22,25,122000,,,,,
38,6,1,23,750,237000,,,,,
38,7,1,13,10000,340000,1,1,,340000,
38,8,1,10,400,477000,1,,,,
38,9,1,2,1000000,,1,,,,
38,10,1,17,300000,,1,,1,,
38,11,1,7,1000,,1,,,,
39,1,1,19,1,,,,,,
39,1,2,7,750000,,,,,,
39,1,3,12,500000,,,,,,
39,1,4,5,10000,,,,,,
39,1,5,16,10,,,,,,
39,1,6,1,200000,7000,,,,,
39,2,1,6,750,,,,,,
39,2,2,25,50,,,,,,
39,2,3,20,75,,,,,,
39,2,4,8,200,,,,,,
39,2,5,17,25000,23000,,,,,
39,3,1,4,5,,,,,,
39,3,2,2,300000,,,,,,
39,3,3,22,100,,,,,,
39,3,4,15,1000,46000,,,,,
39,4,1,14,50000,,,,,,
39,4,2,11,300,,,,,,
39,4,3,21,1000000,29000,,,,,
39,5,1,18,0.01,,,,,,
39,5,2,24,25,41000,,,,,
39,6,1,13,400,74000,,,,,
39,7,1,3,500,98000,1,1,,98000,
39,8,1,26,400000,50000,1,,,,
39,9,1,9,5000,,1,,,,
39,10,1,23,75000,,1,,1,,
39,11,1,10,100000,,1,,,,
40,1,1,7,400,,,,,,
40,1,2,22,0.01,,,,,,
40,1,3,19,100000,,,,,,
40,1,4,26,5000,,,,,,
40,1,5,2,5,,,,,,
40,1,6,12,200,18000,,,,,
40,2,1,25,400000,,,,,,
40,2,2,3,10000,,,,,,
40,2,3,16,750000,,,,,,
40,2,4,20,200000,,,,,,
40,2,5,10,10,26000,,,,,
40,3,1,17,1000,,,,,,
40,3,2,15,1,,,,,,
40,3,3,6,25000,,,,,,
40,3,4,21,100,65000,,,,,
40,4,1,4,500000,,,,,,
40,4,2,13,1000000,,,,,,
40,4,3,1,50,29000,,,,,
40,5,1,14,750,,,,,,
40,5,2,24,75,57000,,,,,
40,6,1,9,75000,48000,,,,,
40,7,1,8,300000,14000,1,1,,14000,
40,8,1,18,50000,,1,,,,
40,9,1,11,25,,1,,,,
40,10,1,5,500,,1,,1,,
40,11,1,23,300,,1,,,,
41,1,1,6,750,,,,,,
41,1,2,9,100,,,,,,
41,1,3,19,1000,,,,,,
41,1,4,26,75000,,,,,,
41,1,5,15,400,,,,,,
41,1,6,3,750000,16000,,,,,
41,2,1,8,5000,,,,,,
41,2,2,17,10000,,,,,,
41,2,3,14,300,,,,,,
41,2,4,22,100000,,,,,,
41,2,5,2,25,42000,,,,,
41,3,1,5,500,,,,,,
41,3,2,18,25000,,,,,,
41,3,3,4,50000,,,,,,
41,3,4,16,1000000,37000,,,,,
41,4,1,1,75,,,,,,
41,4,2,12,300000,,,,,,
41,4,3,13,1,71000,,,,,
41,5,1,20,0.01,,,,,,
41,5,2,7,200,131000,,,,,
41,6,1,21,400000,97000,,,,,
41,7,1,10,500000,44000,1,1,,44000,
41,8,1,11,10,62000,1,,,,
41,9,1,23,5,100000,1,,,,
41,10,1,25,200000,,1,,1,,
41,11,1,24,50,,1,,,,
42,1,1,21,1000,,,,,,
42,1,2,23,200000,,,,,,
42,1,3,15,400000,,,,,,
42,1,4,16,25000,,,,,,
42,1,5,19,750,,,,,,
42,1,6,10,50000,12000,,,,,
42,2,1,14,300000,,,,,,
42,2,2,24,1000000,,,,,,
42,2,3,18,10000,,,,,,
42,2,4,8,5,,,,,,
42,2,5,9,50,18000,,,,,
42,3,1,20,400,,,,,,
42,3,2,22,0.01,,,,,,
42,3,3,13,200,,,,,,
42,3,4,3,100,50000,,,,,
42,4,1,25,1,,,,,,
42,4,2,5,500,,,,,,
42,4,3,17,5000,117000,,,,,
42,5,1,4,750000,,,,,,
42,5,2,7,75,84000,,,,,
42,6,1,2,300,112000,,,,,
42,7,1,1,100000,121000,,,,,
42,8,1,11,500000,28000,1,1,,28000,
42,9,1,12,25,40000,1,,,,
42,10,1,6,10,,1,,1,,
42,11,1,26,75000,,1,,,,
43,1,1,3,1000,,,,,,
43,1,2,6,400000,,,,,,
43,1,3,12,75,,,,,,
43,1,4,16,100,,,,,,
43,1,5,2,25,,,,,,
43,1,6,9,500000,14000,,,,,
43,2,1,13,25000,,,,,,
43,2,2,25,75000,,,,,,
43,2,3,17,0.01,,,,,,
43,2,4,19,750000,,,,,,
43,2,5,8,400,22000,,,,,
43,3,1,22,200000,,,,,,
43,3,2,7,10,,,,,,
43,3,3,1,750,,,,,,
43,3,4,5,100000,43000,,,,,
43,4,1,10,5000,,,,,,
43,4,2,18,500,,,,,,
43,4,3,11,1,79000,,,,,
43,5,1,14,1000000,,,,,,
43,5,2,26,200,37000,,,,,
43,6,1,4,10000,49000,,,,,
43,7,1,15,50000,71000,,,,,
43,8,1,24,300000,100,,,,,
43,9,1,21,5,175,,,,,
43,10,1,23,50,,1,1,1,50,
43,11,1,20,300,,1,,,,
44,1,1,15,10,,,,,,
44,1,2,8,100000,,,,,,
44,1,3,20,25,,,,,,
44,1,4,13,50000,,,,,,
44,1,5,1,5,,,,,,
44,1,6,2,0.01,26000,,,,,
44,2,1,24,5000,,,,,,
44,2,2,6,50,,,,,,
44,2,3,19,200000,,,,,,
44,2,4,26,400,,,,,,
44,2,5,14,75000,61000,,,,,
44,3,1,4,750,,,,,,
44,3,2,7,400000,,,,,,
44,3,3,11,750000,,,,,,
44,3,4,10,100,49000,,,,,
44,4,1,21,200,,,,,,
44,4,2,22,1,,,,,,
44,4,3,16,1000000,42000,,,,,
44,5,1,25,300000,,,,,,
44,5,2,5,500,55000,,,,,
44,6,1,3,25000,70000,1,1,,70000,
44,7,1,12,75,136000,1,,,,
44,8,1,18,10000,184000,1,,,,
44,9,1,23,300,266000,1,,,,
44,10,1,9,1000,,1,,1,,
44,11,1,17,500000,,1,,,,
45,1,1,19,50,,,,,,
45,1,2,1,0.01,,,,,,
45,1,3,6,200,,,,,,
45,1,4,16,500000,,,,,,
45,1,5,21,25000,,,,,,
45,1,6,3,10,16000,,,,,
45,2,1,17,200000,,,,,,
45,2,2,25,50000,,,,,,
45,2,3,12,10000,,,,,,
45,2,4,18,1000,,,,,,
45,2,5,10,500,43000,,,,,
45,3,1,24,75000,,,,,,
45,3,2,7,1000000,,,,,,
45,3,3,15,25,,,,,,
45,3,4,13,1,37000,,,,,
45,4,1,11,75,,,,,,
45,4,2,20,400,,,,,,
45,4,3,4,5000,106000,,,,,
45,5,1,23,750000,,,,,,
45,5,2,2,100,88000,,,,,
45,6,1,8,400000,61000,,,,,
45,7,1,14,100000,49000,,,,,
45,8,1,5,750,94000,1,1,,94000,
45,9,1,22,300000,,1,,,,
45,10,1,26,5,,1,,1,,
45,11,1,9,300,,1,,,,
46,1,1,17,10000,,,,,,
46,1,2,1,500000,,,,,,
46,1,3,8,1000000,,,,,,
46,1,4,21,300,,,,,,
46,1,5,15,1,,,,,,
46,1,6,12,10,11000,,,,,
46,2,1,10,400,,,,,,
46,2,2,11,200000,,,,,,
46,2,3,7,750,,,,,,
46,2,4,9,500,,,,,,
46,2,5,2,25000,24000,,,,,
46,3,1,18,100,,,,,,
46,3,2,26,100000,,,,,,
46,3,3,25,200,,,,,,
46,3,4,16,50000,50000,,,,,
46,4,1,13,255,,,,,,
46,4,2,6,5000,,,,,,
46,4,3,19,300000,62000,,,,,
46,5,1,20,75000,,,,,,
46,5,2,14,750000,33000,,,,,
46,6,1,4,0.01,68000,,,,,
46,7,1,22,1000,90000,,,,,
46,8,1,5,50,137000,1,1,,137000,
46,9,1,3,5,211000,1,,,,
46,10,1,24,75,,1,,1,,
46,11,1,23,400000,,1,,,,
47,1,1,20,50000,,,,,,
47,1,2,8,10000,,,,,,
47,1,3,17,5,,,,,,
47,1,4,14,300,,,,,,
47,1,5,12,750,,,,,,
47,1,6,7,200,20000,,,,,
47,2,1,15,100000,,,,,,
47,2,2,23,1000000,,,,,,
47,2,3,2,25000,,,,,,
47,2,4,16,75,,,,,,
47,2,5,10,400000,29000,,,,,
47,3,1,13,400,,,,,,
47,3,2,5,100,,,,,,
47,3,3,9,500,,,,,,
47,3,4,21,200000,51000,,,,,
47,4,1,19,5000,,,,,,
47,4,2,25,1,,,,,,
47,4,3,6,500000,67000,,,,,
47,5,1,1,75000,,,,,,
47,5,2,18,50,102000,1,1,,102000,
47,6,1,3,10,152000,1,,,,
47,7,1,26,750000,,1,,,,
47,8,1,4,25,,1,,,,
47,9,1,11,300000,,1,,,,
47,10,1,24,0.01,,1,,1,,
47,11,1,22,1000,,1,,,,
48,1,1,26,750000,,,,,,
48,1,2,12,400000,,,,,,
48,1,3,15,500000,,,,,,
48,1,4,6,200,,,,,,
48,1,5,5,5000,,,,,,
48,1,6,10,400,7500,,,,,
48,2,1,20,75,,,,,,
48,2,2,18,10,,,,,,
48,2,3,7,1000,,,,,,
48,2,4,25,0.01,,,,,,
48,2,5,9,1000000,9000,,,,,
48,3,1,19,500,,,,,,
48,3,2,14,1,,,,,,
48,3,3,2,100,,,,,,
48,3,4,17,75000,21000,,,,,
48,4,1,21,25,,,,,,
48,4,2,8,100000,,,,,,
48,4,3,4,10000,27000,,,,,
48,5,1,11,300000,,,,,,
48,5,2,3,750,18000,,,,,
48,6,1,22,25000,33000,,,,,
48,7,1,16,5,54000,,,,,
48,8,1,23,200000,15000,,,,,
48,9,1,13,300,21000,1,1,,21000,
48,10,1,1,50000,,1,,1,,
48,11,1,24,50,,1,,,,
49,1,1,8,100,,,,,,
49,1,2,24,75000,,,,,,
49,1,3,10,75,,,,,,
49,1,4,18,300,,,,,,
49,1,5,5,200000,,,,,,
49,1,6,7,25,19000,,,,,
49,2,1,25,5000,,,,,,
49,2,2,16,100000,,,,,,
49,2,3,4,0.01,,,,,,
49,2,4,12,500,,,,,,
49,2,5,19,1000000,31000,,,,,
49,3,1,23,750,,,,,,
49,3,2,21,1,,,,,,
49,3,3,14,50,,,,,,
49,3,4,17,400000,44000,,,,,
49,4,1,2,1000,,,,,,
49,4,2,13,500000,,,,,,
49,4,3,26,50000,52000,,,,,
49,5,1,20,300000,,,,,,
49,5,2,11,750000,4000,,,,,
49,6,1,1,10000,5000,,,,,
49,7,1,15,10,7000,1,1,,7000,
49,8,1,6,5,,1,,,,
49,9,1,9,25000,,1,,,,
49,10,1,3,400,,1,,1,,
49,11,1,22,200,,1,,,,
50,1,1,2,0.01,,,,,,yikes lives with mommy
50,1,2,10,400000,,,,,,
50,1,3,13,50000,,,,,,
50,1,4,26,500000,,,,,,
50,1,5,3,750,,,,,,
50,1,6,15,1,17000,,,,,
50,2,1,17,75000,,,,,,
50,2,2,8,1000,,,,,,
50,2,3,19,200000,,,,,,
50,2,4,11,100,,,,,,
50,2,5,12,500,33000,,,,,
50,3,1,1,300,,,,,,
50,3,2,14,300000,,,,,,
50,3,3,20,25000,,,,,,
50,3,4,5,750000,26000,,,,,
50,4,1,25,75,,,,,,
50,4,2,9,10000,,,,,,
50,4,3,4,10,54000,,,,,
50,5,1,7,5,,,,,,
50,5,2,24,400,97000,,,,,
50,6,1,6,1000000,17000,,,,,THE whore megan
50,7,1,18,25,22000,,,,,timing is everything
50,8,1,23,5000,35000,,,,,bitch if you don't take it
50,9,1,21,200,50000,1,1,,50000,my god he didn't take it
50,10,1,16,50,,1,,1,,
50,11,1,22,100000,,1,,,,
51,1,1,16,750,,,,,,
51,1,2,9,300000,,,,,,
51,1,3,24,100000,,,,,,
51,1,4,2,200,,,,,,
51,1,5,7,75,,,,,,
51,1,6,19,10,18000,,,,,
51,2,1,1,0.01,,,,,,
51,2,2,22,1000000,,,,,,
51,2,3,10,750000,,,,,,
51,2,4,17,25000,,,,,,
51,2,5,21,500,13000,,,,,
51,3,1,23,1,,,,,,
51,3,2,13,5,,,,,,
51,3,3,4,200000,,,,,,
51,3,4,11,500000,19000,,,,,
51,4,1,8,1000,,,,,,
51,4,2,18,75000,,,,,,
51,4,3,3,5000,30000,,,,,
51,5,1,26,100,,,,,,
51,5,2,5,300,54000,,,,,
51,6,1,6,50000,66000,,,,,
51,7,1,20,50,105000,1,1,,105000,
51,8,1,14,10000,142000,1,,,,
51,9,1,15,25,215000,1,,,,
51,10,1,12,400,,1,,1,,
51,11,1,25,400000,,1,,,,
52,1,1,13,1000000,,,,,,
52,1,2,21,5000,,,,,,
52,1,3,26,50,,,,,,
52,1,4,10,500,,,,,,
52,1,5,5,100000,,,,,,
52,1,6,16,100,9000,,,,,
52,2,1,7,500000,,,,,,
52,2,2,11,1,,,,,,
52,2,3,12,0.01,,,,,,
52,2,4,24,25,,,,,,
52,2,5,4,10,29000,,,,,
52,3,1,17,10000,,,,,,
52,3,2,23,750000,,,,,,
52,3,3,3,200,,,,,,
52,3,4,18,400000,,,,,,refused case
52,4,1,1,750,,,,,,
52,4,2,2,50000,,,,,,
52,4,3,20,200000,18000,,,,,
52,5,1,15,75000,,,,,,
52,5,2,9,300000,4000,,,,,
52,6,1,25,5,5000,,,,,
52,7,1,22,300,7000,,,,,
52,8,1,6,1000,9000,1,1,,9000,
52,9,1,14,75,14000,1,,,,
52,10,1,8,25000,,1,,1,,
52,11,1,19,400,,1,,,,
53,1,1,1,750,,,,,,
53,1,2,21,500000,,,,,,
53,1,3,14,200000,,,,,,
53,1,4,8,0.01,,,,,,
53,1,5,7,5,,,,,,
53,1,6,4,75,20000,,,,,
53,2,1,11,25000,,,,,,
53,2,2,17,50000,,,,,,
53,2,3,19,300,,,,,,
53,2,4,22,25,,,,,,
53,2,5,24,100,48000,,,,,
53,3,1,3,300000,,,,,,
53,3,2,10,1000,,,,,,
53,3,3,12,100000,,,,,,
53,3,4,25,1000000,31000,,,,,
53,4,1,9,10,,,,,,
53,4,2,13,200,,,,,,
53,4,3,26,400000,42000,,,,,
53,5,1,6,750000,,,,,,
53,5,2,23,50,15000,1,1,,15000,
53,6,1,2,400,,1,,,,
53,7,1,15,10000,,1,,,,
53,8,1,16,5000,,1,,,,
53,9,1,18,500,,1,,,,
53,10,1,5,1,,1,,1,,
53,11,1,20,75000,,1,,,,
54,1,1,25,25,,,,,,
54,1,2,13,750000,,,,,,
54,1,3,21,500000,,,,,,
54,1,4,5,300000,,,,,,
54,1,5,7,5,,,,,,
54,1,6,12,50,8000,,,,,
54,2,1,8,400,,,,,,
54,2,2,19,1000000,,,,,,
54,2,3,4,750,,,,,,
54,2,4,16,0.01,,,,,,
54,2,5,2,75,16000,,,,,
54,3,1,9,50000,,,,,,
54,3,2,6,100,,,,,,
54,3,3,10,500,,,,,,
54,3,4,1,100000,16001,,,,,
54,4,1,22,75000,,,,,,
54,4,2,3,1000,,,,,,
54,4,3,24,10,51000,,,,,
54,5,1,11,25000,,,,,,
54,5,2,18,10000,83000,,,,,
54,6,1,23,200,104000,1,1,,104000,
54,7,1,26,400000,,1,,,,
54,8,1,14,200000,,1,,,,
54,9,1,15,300,,1,,,,
54,10,1,20,1,,1,,1,,
54,11,1,17,5000,,1,,,,
55,1,1,2,1,,,,,,
55,1,2,25,750,,,,,,
55,1,3,21,10,,,,,,
55,1,4,20,200000,,,,,,
55,1,5,16,300000,,,,,,
55,1,6,26,500000,11000,,,,,
55,2,1,7,75,,,,,,
55,2,2,12,1000,,,,,,
55,2,3,22,0.01,,,,,,
55,2,4,23,50000,,,,,,
55,2,5,18,750000,26000,,,,,
55,3,1,14,100,,,,,,
55,3,2,4,50,,,,,,
55,3,3,10,5,,,,,,
55,3,4,15,500,93000,,,,,
55,4,1,1,300,,,,,,
55,4,2,11,400000,,,,,,
55,4,3,9,200,131000,1,1,,131000,
55,5,1,24,10000,,1,,,,
55,5,2,17,1000000,,1,,,,
55,6,1,5,100000,,1,,,,
55,7,1,6,25,,1,,,,
55,8,1,8,5000,,1,,,,
55,9,1,13,25000,,1,,,,
55,10,1,3,400,,1,,1,,
55,11,1,19,75000,,1,,,,
56,1,1,6,0.01,,,,,,
56,1,2,21,1,,,,,,
56,1,3,16,100,,,,,,
56,1,4,14,50000,,,,,,
56,1,5,7,500,,,,,,
56,1,6,25,750000,22000,,,,,
56,2,1,19,10000,,,,,,
56,2,2,1,5000,,,,,,
56,2,3,8,400000,,,,,,
56,2,4,5,25,,,,,,
56,2,5,23,10,48000,,,,,
56,3,1,12,25000,,,,,,
56,3,2,20,200,,,,,,
56,3,3,10,50,,,,,,
56,3,4,9,400,89000,,,,,
56,4,1,4,750,,,,,,
56,4,2,15,1000,,,,,,
56,4,3,2,200000,116000,,,,,
56,5,1,17,100000,,,,,,
56,5,2,18,300000,109000,,,,,
56,6,1,11,5,193000,1,1,,193000,
56,7,1,24,75000,410000,1,,,,
56,8,1,22,300,540000,1,,,,
56,9,1,26,1000000,,1,,,,
56,10,1,3,500000,,1,,1,,
56,11,1,13,75,,1,,,,
57,1,1,14,1,,,,,,
57,1,2,7,25000,,,,,,
57,1,3,11,5,,,,,,
57,1,4,9,200,,,,,,
57,1,5,26,10,,,,,,
57,1,6,20,400000,15000,,,,,
57,2,1,10,100000,,,,,,
57,2,2,2,100,,,,,,
57,2,3,4,50,,,,,,
57,2,4,21,5000,,,,,,
57,2,5,19,0.01,41000,,,,,
57,3,1,16,25,,,,,,
57,3,2,17,1000,,,,,,
57,3,3,6,200000,,,,,,
57,3,4,1,400,83000,,,,,
57,4,1,22,75,,,,,,
57,4,2,24,50000,,,,,,
57,4,3,15,500,196000,,,,,
57,5,1,5,1000000,,,,,,
57,5,2,12,10000,155000,,,,,
57,6,1,23,750000,98000,,,,,
57,7,1,18,75000,139000,,,,,
57,8,1,8,300000,97000,,,,,
57,9,1,25,500000,500,,,,,
57,10,1,13,750,,1,1,1,750,
57,11,1,3,300,,1,,,,
58,1,1,6,1000000,,,,,,
58,1,2,4,300000,,,,,,
58,1,3,24,75,,,,,,
58,1,4,9,0.01,,,,,,
58,1,5,21,1000,,,,,,
58,1,6,1,100000,10000,,,,,
58,2,1,20,50,,,,,,
58,2,2,10,1,,,,,,
58,2,3,8,500000,,,,,,
58,2,4,18,400000,,,,,,
58,2,5,26,50000,8000,,,,,
58,3,1,25,400,,,,,,
58,3,2,11,10,,,,,,
58,3,3,2,75000,,,,,,
58,3,4,23,750,33000,,,,,
58,4,1,19,200,,,,,,
58,4,2,12,200000,,,,,,
58,4,3,16,25000,56000,,,,,
58,5,1,7,5,,,,,,
58,5,2,3,100,105000,1,1,,105000,
58,6,1,14,500,147000,1,,,,
58,7,1,15,300,182000,1,,,,
58,8,1,22,25,271000,1,,,,
58,9,1,13,5000,418000,1,,,,
58,10,1,17,10000,,1,,1,,
58,11,1,5,750000,,1,,,,
59,1,1,14,10,,,,,,
59,1,2,9,5,,,,,,
59,1,3,26,25,,,,,,
59,1,4,22,0.01,,,,,,
59,1,5,10,5000,,,,,,
59,1,6,8,300000,18000,,,,,
59,2,1,3,10000,,,,,,
59,2,2,21,750000,,,,,,
59,2,3,13,100,,,,,,
59,2,4,7,500,,,,,,
59,2,5,17,200000,26000,,,,,
59,3,1,25,50,,,,,,
59,3,2,11,100000,,,,,,
59,3,3,23,200,,,,,,
59,3,4,16,750,62000,,,,,
59,4,1,9,300,,,,,,
59,4,2,1,75,,,,,,
59,4,3,24,400,129000,,,,,
59,5,1,18,1,,,,,,
59,5,2,12,500000,188620,,,,,
59,6,1,5,75000,257000,,,,,
59,7,1,15,50000,321000,1,1,,321000,
59,8,1,2,25000,511000,1,,,,
59,9,1,6,400000,551000,1,,,,
59,10,1,4,1000,,1,,1,,
59,11,1,20,1000000,,1,,,,
60,1,1,11,25000,,,,,,
60,1,2,13,0.01,,,,,,
60,1,3,19,750000,,,,,,
60,1,4,6,1000000,,,,,,
60,1,5,15,10,,,,,,
60,1,6,16,200000,7000,,,,,
60,2,1,22,100000,,,,,,
60,2,2,24,750,,,,,,
60,2,3,17,1,,,,,,
60,2,4,20,75,,,,,,
60,2,5,26,100,28000,,,,,
60,3,1,18,75000,,,,,,
60,3,2,7,500000,,,,,,
60,3,3,1,300,,,,,,
60,3,4,2,5000,22000,,,,,
60,4,1,3,10000,,,,,,
60,4,2,8,25,,,,,,
60,4,3,14,400,49000,,,,,
60,5,1,25,50,,,,,,
60,5,2,9,300000,39000,,,,,
60,6,1,21,400000,8000,,,,,
60,7,1,5,1000,13000,1,1,,13000,
60,8,1,4,200,19000,1,,,,
60,9,1,23,50000,,1,,,,
60,10,1,12,500,,1,,1,,
60,11,1,10,5,,1,,,,
61,1,1,14,0.01,,,,,,
61,1,2,11,25000,,,,,,
61,1,3,22,300,,,,,,
61,1,4,18,50,,,,,,
61,1,5,12,75000,,,,,,
61,1,6,15,200,28000,,,,,
61,2,1,16,1,,,,,,
61,2,2,6,500,,,,,,
61,2,3,21,5,,,,,,
61,2,4,10,400,,,,,,
61,2,5,25,500000,41000,,,,,
61,3,1,13,25,,,,,,
61,3,2,7,400000,,,,,,
61,3,3,17,750,,,,,,
61,3,4,2,5000,98800,,,,,
61,4,1,24,100000,,,,,,
61,4,2,9,1000,,,,,,
61,4,3,1,10,206000,,,,,
61,5,1,26,300000,,,,,,
61,5,2,23,750000,173000,,,,,
61,6,1,5,200000,186000,1,1,,186000,
61,7,1,3,10000,286000,1,,,,
61,8,1,4,75,385000,1,,,,
61,9,1,20,50000,550000,1,,,,
61,10,1,8,1000000,,1,,1,,
61,11,1,19,100,,1,,,,
62,1,1,24,5,,,,,,
62,1,2,17,50,,,,,,
62,1,3,8,1000000,,,,,,
62,1,4,3,10,,,,,,
62,1,5,11,500,,,,,,
62,1,6,16,10000,15000,,,,,
62,2,1,6,200000,,,,,,
62,2,2,7,0.01,,,,,,
62,2,3,5,400,,,,,,
62,2,4,15,5000,,,,,,
62,2,5,22,100000,29000,,,,,
62,3,1,21,200,,,,,,
62,3,2,23,300000,,,,,,
62,3,3,13,750,,,,,,
62,3,4,19,50000,51000,,,,,
62,4,1,18,750000,,,,,,
62,4,2,4,75000,,,,,,
62,4,3,9,25,40000,,,,,
62,5,1,26,1,,,,,,
62,5,2,2,1000,74000,,,,,
62,6,1,10,75,99000,,,,,
62,7,1,14,300,163000,,,,,
62,8,1,25,25000,286000,1,1,,286000,
62,9,1,20,100,450000,1,,,,
62,10,1,12,500000,,1,,1,,
62,11,1,1,400000,,1,,,,
63,1,1,20,25000,,,,,,
63,1,2,17,400000,,,,,,
63,1,3,5,25,,,,,,
63,1,4,22,100000,,,,,,
63,1,5,13,750000,,,,,,
63,1,6,15,100,9000,,,,,
63,2,1,10,200000,,,,,,
63,2,2,16,50000,,,,,,
63,2,3,23,10000,,,,,,
63,2,4,9,500,,,,,,
63,2,5,25,50,26000,,,,,
63,3,1,7,300,,,,,,
63,3,2,2,500000,,,,,,
63,3,3,8,5000,,,,,,
63,3,4,12,10,35000,,,,,
63,4,1,26,200,,,,,,
63,4,2,3,75000,,,,,,
63,4,3,1,1000,61000,,,,,
63,5,1,14,300000,,,,,,
63,5,2,24,75,111000,,,,,
63,6,1,4,400,172000,1,1,,172000,
63,7,1,19,1,275000,1,,,,
63,8,1,6,1000000,,1,,,,
63,9,1,18,750,,1,,,,
63,10,1,11,0.01,,1,,1,,
63,11,1,21,5,,1,,,,
64,1,1,1,10000,,,,,,
64,1,2,21,0.01,,,,,,
64,1,3,13,5000,,,,,,
64,1,4,3,1,,,,,,
64,1,5,17,750,,,,,,
64,1,6,11,75000,24000,,,,,
64,2,1,23,75,,,,,,
64,2,2,15,200,,,,,,
64,2,3,9,10,,,,,,
64,2,4,5,25,,,,,,
64,2,5,19,400,62000,,,,,
64,3,1,7,25000,,,,,,
64,3,2,25,1000000,,,,,,
64,3,3,16,750000,,,,,,
64,3,4,14,500,42000,,,,,
64,4,1,10,300,,,,,,
64,4,2,4,50000,,,,,,
64,4,3,12,300000,72000,,,,,
64,5,1,22,500000,,,,,,
64,5,2,6,5,62000,,,,,
64,6,1,2,100000,69000,,,,,
64,7,1,20,200000,53000,1,1,,53000,
64,8,1,8,400000,,1,,,,
64,9,1,18,100,,1,,,,
64,10,1,26,1000,,1,,1,,
64,11,1,24,50,,1,,,,
65,1,1,14,75,,,,,,
65,1,2,12,100,,,,,,
65,1,3,23,300,,,,,,
65,1,4,5,10,,,,,,
65,1,5,7,1,,,,,,
65,1,6,19,300000,19000,,,,,
65,2,1,11,25000,,,,,,
65,2,2,2,500,,,,,,
65,2,3,24,400000,,,,,,
65,2,4,6,50000,,,,,,
65,2,5,4,10000,41000,,,,,
65,3,1,10,200,,,,,,
65,3,2,21,0.01,,,,,,
65,3,3,18,100000,,,,,,
65,3,4,1,5000,82000,,,,,
65,4,1,16,750,,,,,,
65,4,2,3,1000,,,,,,
65,4,3,17,500000,162000,,,,,
65,5,1,25,400,,,,,,
65,5,2,22,200000,237000,,,,,
65,6,1,26,1000000,103000,,,,,
65,7,1,9,75000,185000,1,1,,185000,
65,8,1,13,750000,,1,,,,
65,9,1,15,50,,1,,,,
65,10,1,8,25,,1,,1,,
65,11,1,20,5,,1,,,,
66,1,1,7,100,,,,,,
66,1,2,22,25,,,,,,
66,1,3,1,10,,,,,,
66,1,4,5,1000000,,,,,,
66,1,5,21,750,,,,,,
66,1,6,14,1,14000,,,,,
66,2,1,10,50,,,,,,
66,2,2,11,1000,,,,,,
66,2,3,23,10000,,,,,,
66,2,4,16,400000,,,,,,
66,2,5,12,300,33000,,,,,
66,3,1,19,500000,,,,,,
66,3,2,24,200,,,,,,
66,3,3,13,0.01,,,,,,
66,3,4,6,400,74000,,,,,
66,4,1,9,25000,,,,,,
66,4,2,2,100000,,,,,,
66,4,3,25,750000,40000,,,,,
66,5,1,3,5,,,,,,
66,5,2,20,200000,32000,,,,,
66,6,1,8,5000,57000,,,,,
66,7,1,17,75000,76000,1,1,,76000,
66,8,1,4,500,112000,1,,,,
66,9,1,15,50000,163000,1,,,,
66,10,1,18,300000,,1,,1,,
66,11,1,26,75,,1,,,,
67,1,1,18,400000,,,,,,
67,1,2,3,750000,,,,,,
67,1,3,23,5,,,,,,
67,1,4,8,400,,,,,,
67,1,5,5,5000,,,,,,
67,1,6,10,300000,8000,,,,,
67,2,1,2,75000,,,,,,
67,2,2,25,25,,,,,,
67,2,3,16,750,,,,,,
67,2,4,19,200,,,,,,
67,2,5,15,25000,34000,,,,,
67,3,1,13,1000,,,,,,
67,3,2,1,1,,,,,,
67,3,3,11,50000,,,,,,
67,3,4,6,75,63000,,,,,
67,4,1,22,500,,,,,,
67,4,2,20,200000,,,,,,
67,4,3,17,100,130000,,,,,
67,5,1,21,100000,,,,,,
67,5,2,4,10,189000,,,,,
67,6,1,24,0.01,265000,1,1,,265000,
67,7,1,9,500000,231000,1,,,,
67,8,1,14,50,361000,1,,,,
67,9,1,26,300,500000,1,,,,
67,10,1,12,1000000,,1,,1,,
67,11,1,7,10000,,1,,,,
68,1,1,2,1,,,,,,
68,1,2,6,100,,,,,,
68,1,3,7,5,,,,,,
68,1,4,15,75000,,,,,,
68,1,5,4,50,,,,,,
68,1,6,11,400000,24000,,,,,
68,2,1,17,500000,,,,,,
68,2,2,1,25,,,,,,
68,2,3,16,500,,,,,,
68,2,4,12,1000,,,,,,
68,2,5,3,400,46000,,,,,
68,3,1,13,75,,,,,,
68,3,2,10,5000,,,,,,
68,3,3,9,750000,,,,,,
68,3,4,25,1000000,19000,,,,,
68,4,1,14,750,,,,,,
68,4,2,24,10000,,,,,,
68,4,3,22,0.01,37000,,,,,
68,5,1,19,200000,,,,,,
68,5,2,8,300000,24000,,,,,
68,6,1,18,100000,13000,,,,,
68,7,1,23,300,21000,,,,,
68,8,1,20,200,28000,1,1,,28000,
68,9,1,21,50000,,1,,,,
68,10,1,5,10,,1,,1,,
68,11,1,26,25000,,1,,,,
69,1,1,2,1000,,,,,,
69,1,2,11,75,,,,,,
69,1,3,8,5,,,,,,
69,1,4,20,75000,,,,,,
69,1,5,6,5000,,,,,,
69,1,6,9,200000,25000,,,,,
69,2,1,17,10,,,,,,
69,2,2,3,500,,,,,,
69,2,3,16,400,,,,,,
69,2,4,24,0.01,,,,,,
69,2,5,14,50000,61000,,,,,
69,3,1,13,100000,,,,,,
69,3,2,7,300,,,,,,
69,3,3,15,750,,,,,,
69,3,4,25,100,169000,,,,,
69,4,1,5,25000,,,,,,
69,4,2,18,25,,,,,,
69,4,3,19,200,292000,,,,,
69,5,1,10,10000,,,,,,
69,5,2,21,300000,411000,,,,,
69,6,1,1,750000,347000,,,,,
69,7,1,22,400000,377000,,,,,
69,8,1,26,500000,313000,1,1,,313000,
69,9,1,12,1000000,,1,,,,
69,10,1,4,1,,1,,1,,
69,11,1,23,50,,1,,,,
70,1,1,21,1,,,,,,
70,1,2,20,10,,,,,,
70,1,3,5,50,,,,,,
70,1,4,15,400,,,,,,
70,1,5,11,5000,,,,,,
70,1,6,24,300000,19000,,,,,
70,2,1,14,50000,,,,,,
70,2,2,2,25,,,,,,
70,2,3,26,0.01,,,,,,
70,2,4,18,100000,,,,,,
70,2,5,16,25000,50000,,,,,
70,3,1,12,500000,,,,,,
70,3,2,4,500,,,,,,
70,3,3,19,750,,,,,,
70,3,4,25,75,91000,,,,,
70,4,1,8,5,,,,,,
70,4,2,10,75000,,,,,,
70,4,3,7,100,178000,,,,,
70,5,1,9,750000,,,,,,
70,5,2,3,1000,162000,,,,,
70,6,1,1,300,222000,,,,,
70,7,1,17,200000,247000,1,1,,247000,
70,8,1,6,200,517000,1,,,,
70,9,1,22,1000000,200000,1,,,,
70,10,1,13,400000,,1,,1,,
70,11,1,23,10000,,1,,,,
71,1,1,19,10,,,,,,
71,1,2,11,500000,,,,,,
71,1,3,17,50,,,,,,
71,1,4,5,1,,,,,,
71,1,5,13,400000,,,,,,
71,1,6,23,200000,7500,,,,,
71,2,1,15,100000,,,,,,
71,2,2,3,100,,,,,,
71,2,3,12,300,,,,,,
71,2,4,18,75000,,,,,,
71,2,5,16,400,34000,,,,,
71,3,1,6,1000,,,,,,
71,3,2,2,1000000,,,,,,
71,3,3,21,50000,,,,,,
71,3,4,8,25,23000,,,,,
71,4,1,7,750000,,,,,,
71,4,2,24,750,,,,,,
71,4,3,1,5,16000,,,,,
71,5,1,4,0.01,,,,,,
71,5,2,14,500,47000,,,,,
71,6,1,25,5000,59000,1,1,,59000,
71,7,1,10,200,68000,1,,,,
71,8,1,26,10000,81000,1,,,,
71,9,1,22,300000,,1,,,,
71,10,1,20,25000,,1,,1,,
71,11,1,9,75,,1,,,,
72,1,1,16,10000,,,,,,
72,1,2,5,5,,,,,,
72,1,3,7,500000,,,,,,
72,1,4,3,100000,,,,,,
72,1,5,9,25000,,,,,,
72,1,6,14,100,17000,,,,,
72,2,1,18,50,,,,,,
72,2,2,6,400000,,,,,,
72,2,3,26,75,,,,,,
72,2,4,24,0.01,,,,,,
72,2,5,22,10,41000,,,,,
72,3,1,15,750000,,,,,,
72,3,2,10,1000,,,,,,
72,3,3,1,75000,,,,,,
72,3,4,12,1000000,19000,,,,,
72,4,1,19,5000,,,,,,
72,4,2,13,750,,,,,,
72,4,3,11,500,52000,,,,,
72,5,1,8,300,,,,,,
72,5,2,25,25,76000,,,,,
72,6,1,2,200000,60000,,,,,
72,7,1,20,1,83000,1,1,,83000,
72,8,1,21,200,115000,1,,,,
72,9,1,23,300000,,1,,,,
72,10,1,4,400,,1,,1,,
72,11,1,17,50000,,1,,,,
73,1,1,1,500,,,,,,
73,1,2,11,0.01,,,,,,
73,1,3,21,1000000,,,,,,
73,1,4,6,50000,,,,,,
73,1,5,4,1,,,,,,
73,1,6,20,75,11000,,,,,
73,2,1,23,1000,,,,,,
73,2,2,25,300,,,,,,
73,2,3,13,500000,,,,,,
73,2,4,19,25000,,,,,,
73,2,5,22,100,29000,,,,,
73,3,1,26,5000,,,,,,
73,3,2,24,10,,,,,,
73,3,3,8,5,,,,,,
73,3,4,14,400,91000,,,,,
73,4,1,10,300000,,,,,,
73,4,2,7,10000,,,,,,
73,4,3,15,750,136000,,,,,
73,5,1,12,200,,,,,,
73,5,2,17,50,195000,,,,,
73,6,1,3,200000,177000,,,,,
73,7,1,2,25,261000,,,,,
73,8,1,5,750000,144000,,,,,
73,9,1,18,400000,83000,,,,,
73,10,1,9,100000,,1,1,1,75000,
73,11,1,16,75000,,1,,,,
74,1,1,1,50,,,,,,
74,1,2,2,1000,,,,,,
74,1,3,7,200,,,,,,
74,1,4,8,500,,,,,,
74,1,5,14,300,,,,,,
74,1,6,15,75000,20000,,,,,
74,2,1,4,1000000,,,,,,
74,2,2,3,750,,,,,,
74,2,3,10,400,,,,,,
74,2,4,9,5000,,,,,,
74,2,5,17,300000,43000,,,,,
74,3,1,6,25000,,,,,,
74,3,2,5,400000,,,,,,
74,3,3,16,10000,,,,,,
74,3,4,13,25,88000,,,,,
74,4,1,12,75,,,,,,
74,4,2,11,100000,,,,,,
74,4,3,20,750000,36000,,,,,
74,5,1,19,200000,,,,,,
74,5,2,18,10,83755,1,1,,83755,
74,6,1,21,500000,,1,,,,
74,7,1,22,50000,,1,,,,
74,8,1,24,5,,1,,,,
74,9,1,25,100,,1,,,,
74,10,1,23,1,,1,,1,,
74,11,1,26,0.01,,1,,,,
75,1,1,26,500,,,,,,
75,1,2,14,1000000,,,,,,
75,1,3,1,750,,,,,,
75,1,4,6,75,,,,,,
75,1,5,17,300,,,,,,
75,1,6,21,10,12000,,,,,
75,2,1,18,50,,,,,,
75,2,2,9,400,,,,,,
75,2,3,3,1000,,,,,,
75,2,4,13,200,,,,,,
75,2,5,23,1,66000,,,,,
75,3,1,7,500000,,,,,,
75,3,2,2,100,,,,,,
75,3,3,19,50000,,,,,,
75,3,4,24,200000,51000,,,,,
75,4,1,12,0.01,,,,,,
75,4,2,11,25,,,,,,
75,4,3,20,75000,94000,,,,,
75,5,1,5,100000,,,,,,
75,5,2,22,5,137000,,,,,
75,6,1,15,750000,85000,,,,,
75,7,1,25,400000,59000,1,1,,59000,
75,8,1,4,5000,94000,1,,,,
75,9,1,16,300000,,1,,,,
75,10,1,10,10000,,1,,1,,
75,11,1,8,25000,,1,,,,
76,1,1,3,1000000,,,,,,
76,1,2,2,400000,,,,,,
76,1,3,25,10,,,,,,
76,1,4,5,500000,,,,,,
76,1,5,13,200000,,,,,,
76,1,6,9,400,4000,,,,,
76,2,1,21,1000,,,,,,
76,2,2,4,750,,,,,,
76,2,3,10,300,,,,,,
76,2,4,26,300000,,,,,,
76,2,5,15,750000,7000,,,,,
76,3,1,1,100,,,,,,
76,3,2,11,0.01,,,,,,
76,3,3,7,1,,,,,,
76,3,4,18,5000,11000,,,,,
76,4,1,16,75000,,,,,,
76,4,2,12,200,,,,,,
76,4,3,8,50,17000,,,,,
76,5,1,19,50000,,,,,,
76,5,2,23,5,22000,,,,,
76,6,1,6,500,26000,,,,,
76,7,1,24,25,33000,1,1,,33000,
76,8,1,20,10000,41000,1,,,,
76,9,1,22,25000,50000,1,,,,
76,10,1,17,100000,,1,,1,,
76,11,1,14,75,,1,,,,
77,1,1,10,300000,,,,,,
77,1,2,25,100,,,,,,
77,1,3,15,1000000,,,,,,
77,1,4,16,750000,,,,,,
77,1,5,14,500000,,,,,,
77,1,6,21,100000,5000,,,,,
77,2,1,1,400000,,,,,,
77,2,2,19,75,,,,,,
77,2,3,9,750,,,,,,
77,2,4,6,10000,,,,,,
77,2,5,20,75000,9000,,,,,
77,3,1,2,5,,,,,,
77,3,2,17,1,,,,,,
77,3,3,22,1000,,,,,,
77,3,4,24,10,15000,,,,,
77,4,1,11,5000,,,,,,
77,4,2,8,400,,,,,,
77,4,3,23,0.01,24000,,,,,
77,5,1,4,25000,,,,,,
77,5,2,12,25,37000,,,,,
77,6,1,5,50,46000,1,1,,46000,
77,7,1,7,300,61000,1,,,,
77,8,1,26,50000,72000,1,,,,
77,9,1,18,200000,,1,,,,
77,10,1,3,500,,1,,1,,
77,11,1,13,200,,1,,,,
78,1,1,22,25,,,,,,
78,1,2,11,5,,,,,,
78,1,3,8,400,,,,,,
78,1,4,26,75,,,,,,
78,1,5,23,300000,,,,,,
78,1,6,2,5000,26657.28,,,,,
78,2,1,9,750,,,,,,
78,2,2,16,500,,,,,,
78,2,3,19,200,,,,,,
78,2,4,1,100000,,,,,,
78,2,5,3,10000,66000,,,,,
78,3,1,14,50,,,,,,
78,3,2,12,50000,,,,,,
78,3,3,7,25000,,,,,,
78,3,4,5,1,119000,,,,,
78,4,1,25,400000,,,,,,
78,4,2,4,1000,,,,,,
78,4,3,20,0.01,218000,,,,,
78,5,1,13,200000,,,,,,
78,5,2,6,1000000,152000,,,,,
78,6,1,10,750000,73000,,,,,
78,7,1,21,75000,85000,,,,,
78,8,1,15,300,147000,,,,,
78,9,1,18,500000,50,,,,,
78,10,1,17,10,,1,1,1,10,
78,11,1,24,100,,1,,,,
79,1,1,16,750000,,,,,,
79,1,2,8,500,,,,,,
79,1,3,19,50,,,,,,
79,1,4,7,50000,,,,,,
79,1,5,3,300000,,,,,,
79,1,6,25,200,17000,,,,,
79,2,1,13,750,,,,,,
79,2,2,24,500000,,,,,,
79,2,3,21,25,,,,,,
79,2,4,5,0.01,,,,,,
79,2,5,10,1000000,10000,,,,,
79,3,1,18,5000,,,,,,
79,3,2,1,10000,,,,,,
79,3,3,17,300,,,,,,
79,3,4,14,75000,29000,,,,,
79,4,1,12,1000,,,,,,
79,4,2,11,200000,,,,,,
79,4,3,2,1,34000,,,,,
79,5,1,4,400,,,,,,
79,5,2,20,100,48000,,,,,
79,6,1,26,10,72000,,,,,
79,7,1,9,100000,61000,1,1,,61000,
79,8,1,22,75,124000,1,,,,
79,9,1,6,25000,200000,1,,,,
79,10,1,23,400000,,1,,1,,
79,11,1,15,5,,1,,,,
80,1,1,12,500,,,,,,
80,1,2,14,1,,,,,,
80,1,3,3,400000,,,,,,
80,1,4,25,50,,,,,,
80,1,5,2,0.01,,,,,,
80,1,6,5,1000000,21000,,,,,
80,2,1,17,300000,,,,,,
80,2,2,21,200,,,,,,
80,2,3,16,10000,,,,,,
80,2,4,7,1000,,,,,,
80,2,5,10,200000,17000,,,,,
80,3,1,22,50000,,,,,,
80,3,2,6,25,,,,,,
80,3,3,19,100,,,,,,
80,3,4,4,100000,46000,,,,,
80,4,1,23,25000,,,,,,
80,4,2,24,5000,,,,,,
80,4,3,18,10,88000,,,,,
80,5,1,15,750,,,,,,
80,5,2,26,750000,71000,,,,,
80,6,1,9,75000,82000,,,,,
80,7,1,1,300,119000,,,,,
80,8,1,13,75,151000,1,1,,151000,
80,9,1,20,500000,,1,,,,
80,10,1,8,5,,1,,1,,
80,11,1,11,400,,1,,,,
81,1,1,1,1,,,,,,
81,1,2,15,10000,,,,,,
81,1,3,13,5,,,,,,
81,1,4,26,200,,,,,,
81,1,5,5,500,,,,,,
81,1,6,9,300000,18000,,,,,
81,2,1,22,75000,,,,,,
81,2,2,11,100,,,,,,
81,2,3,21,5000,,,,,,
81,2,4,4,0.01,,,,,,
81,2,5,16,50000,40000,,,,,
81,3,1,14,100000,,,,,,
81,3,2,20,500000,,,,,,
81,3,3,3,200000,,,,,,
81,3,4,25,1000000,24000,,,,,
81,4,1,24,400000,,,,,,
81,4,2,23,10,,,,,,
81,4,3,7,25,39000,,,,,
81,5,1,10,300,,,,,,
81,5,2,8,400,67000,1,1,,67000,
81,6,1,17,750000,,1,,,,
81,7,1,2,50,,1,,,,
81,8,1,6,1000,,1,,,,
81,9,1,12,750,,1,,,,
81,10,1,19,75,,1,,1,,
81,11,1,18,25000,,1,,,,
82,1,1,9,50,,,,,,
82,1,2,19,5,,,,,,
82,1,3,22,500,,,,,,
82,1,4,14,750000,,,,,,
82,1,5,20,50000,,,,,,
82,1,6,16,10,22000,,,,,
82,2,1,13,1000,,,,,,
82,2,2,21,1000000,,,,,,
82,2,3,11,1,,,,,,
82,2,4,26,25,,,,,,
82,2,5,8,400,37000,,,,,
82,3,1,15,5000,,,,,,
82,3,2,24,300000,,,,,,
82,3,3,12,75,,,,,,
82,3,4,5,25000,45000,,,,,
82,4,1,4,100000,,,,,,
82,4,2,17,200,,,,,,
82,4,3,7,10000,71000,,,,,
82,5,1,3,75000,,,,,,
82,5,2,10,0.01,115000,,,,,
82,6,1,1,300,149000,,,,,
82,7,1,18,750,264000,,,,,
82,8,1,25,400000,201000,1,1,,264000,
82,9,1,6,100,352000,1,,,,
82,10,1,23,200000,,1,,1,,
82,11,1,2,500000,,1,,,,
83,1,1,21,400,,,,,,christmas
83,1,2,17,100,,,,,,
83,1,3,23,750000,,,,,,
83,1,4,14,10,,,,,,
83,1,5,9,10000,,,,,,
83,1,6,8,50000,17000,,,,,
83,2,1,4,500000,,,,,,
83,2,2,16,200,,,,,,
83,2,3,15,100000,,,,,,
83,2,4,5,1000,,,,,,
83,2,5,2,75,25000,,,,,
83,3,1,18,200000,,,,,,
83,3,2,7,1,,,,,,
83,3,3,12,1000000,,,,,,
83,3,4,13,500,15000,,,,,
83,4,1,1,300000,,,,,,
83,4,2,3,750,,,,,,
83,4,3,10,50,31000,,,,,
83,5,1,22,75000,,,,,,
83,5,2,24,25000,43000,,,,,
83,6,1,19,0.01,54000,,,,,fuck
83,7,1,11,5000,75000,,,,,
83,8,1,26,25,136000,1,1,,136000,
83,9,1,20,300,201000,1,,,,
83,10,1,25,5,,1,,1,,
83,11,1,6,400000,,1,,,,
84,1,1,2,1000000,,,,,,
84,1,2,25,500,,,,,,
84,1,3,12,400,,,,,,
84,1,4,17,50,,,,,,
84,1,5,8,100000,,,,,,
84,1,6,5,25,20000,,,,,
84,2,1,20,400000,,,,,,
84,2,2,1,300,,,,,,
84,2,3,13,25000,,,,,,
84,2,4,15,750000,,,,,,
84,2,5,14,1,17000,,,,,
84,3,1,4,10,,,,,,lequan
84,3,2,7,200000,,,,,,
84,3,3,26,100,,,,,,
84,3,4,11,300000,22000,,,,,
84,4,1,16,75000,,,,,,
84,4,2,19,75,,,,,,
84,4,3,22,200,39000,,,,,
84,5,1,6,1000,,,,,,
84,5,2,18,500000,8000,,,,,
84,6,1,10,750,12000,,,,,
84,7,1,9,5,15000,,,,,
84,8,1,21,0.01,24000,1,1,,24000,
84,9,1,24,5000,31000,1,,,,
84,10,1,23,50000,,1,,1,,
84,11,1,3,10000,,1,,,,
85,1,1,12,750000,,,,,,
85,1,2,10,400000,,,,,,
85,1,3,6,750,,,,,,
85,1,4,7,25,,,,,,
85,1,5,15,1000000,,,,,,
85,1,6,19,50,8000,,,,,
85,2,1,22,25000,,,,,,
85,2,2,8,1000,,,,,,
85,2,3,13,100,,,,,,
85,2,4,2,1,,,,,,
85,2,5,21,500,19000,,,,,
85,3,1,25,300000,,,,,,
85,3,2,3,100000,,,,,,
85,3,3,14,5000,,,,,,
85,3,4,4,200000,14000,,,,,
85,4,1,1,75000,,,,,,
85,4,2,23,10,,,,,,
85,4,3,16,300,40000,,,,,Nef
85,5,1,26,75,,,,,,
85,5,2,11,500000,9000,,,,,
85,6,1,17,0.01,11000,,,,,
85,7,1,20,50000,2500,,,,,
85,8,1,5,10000,200,,,,,
85,9,1,9,400,100,,,,,
85,10,1,18,200,,1,,1,200,
85,11,1,24,5,,1,,,,
86,1,1,6,500000,,,,,,
86,1,2,15,100,,,,,,
86,1,3,4,1,,,,,,
86,1,4,8,400,,,,,,
86,1,5,21,1000000,,,,,,
86,1,6,1,50000,13000,,,,,
86,2,1,14,75,,,,,,
86,2,2,23,0.01,,,,,,
86,2,3,9,100000,,,,,,
86,2,4,2,1000,,,,,,
86,2,5,7,75000,34000,,,,,
86,3,1,20,300,,,,,,
86,3,2,13,200,,,,,,
86,3,3,25,10000,,,,,,
86,3,4,10,5,58000,,,,,
86,4,1,11,200000,,,,,,
86,4,2,18,300000,,,,,,
86,4,3,12,400000,41000,,,,,
86,5,1,16,25000,,,,,,
86,5,2,17,5000,86000,,,,,
86,6,1,22,10,106000,,,,,
86,7,1,5,25,170000,1,1,,170000,
86,8,1,26,50,249000,1,,,,
86,9,1,3,750,413000,1,,,,
86,10,1,24,500,,1,,1,,
86,11,1,19,750000,,1,,,,
87,1,1,8,400000,,,,,,
87,1,2,2,10000,,,,,,
87,1,3,3,75000,,,,,,
87,1,4,5,5000,,,,,,
87,1,5,11,25,,,,,,
87,1,6,4,1000000,10300,,,,,
87,2,1,20,5,,,,,,
87,2,2,17,50000,,,,,,
87,2,3,22,1000,,,,,,
87,2,4,19,300,,,,,,
87,2,5,23,25000,41000,,,,,
87,3,1,13,200000,,,,,,
87,3,2,25,50,,,,,,
87,3,3,6,400,,,,,,
87,3,4,14,500,65000,,,,,
87,4,1,16,0.01,,,,,,
87,4,2,9,500000,,,,,,
87,4,3,7,300000,38000,,,,,33000?
87,5,1,24,100000,,,,,,
87,5,2,21,750,73000,,,,,
87,6,1,15,1,99000,1,1,,99000,
87,7,1,12,75,142000,1,,,,
87,8,1,26,200,215000,1,,,,
87,9,1,18,100,401000,1,,,,
87,10,1,10,10,,1,,1,,
87,11,1,1,750000,,1,,,,
88,1,1,23,25,,,,,,
88,1,2,7,75,,,,,,
88,1,3,20,5,,,,,,
88,1,4,8,750,,,,,,
88,1,5,3,1000,,,,,,
88,1,6,13,400,31000,,,,,
88,2,1,9,100000,,,,,,
88,2,2,1,200000,,,,,,
88,2,3,15,500000,,,,,,
88,2,4,10,10,,,,,,
88,2,5,19,200,26000,,,,,
88,3,1,6,10000,,,,,,
88,3,2,26,750000,,,,,,
88,3,3,4,5000,,,,,,
88,3,4,22,100,44000,,,,,
88,4,1,12,1000000,,,,,,
88,4,2,14,400000,,,,,,
88,4,3,17,75000,22000,,,,,
88,5,1,5,0.01,,,,,,
88,5,2,24,500,51000,,,,,
88,6,1,21,50000,59000,1,1,,59000,
88,7,1,25,25000,78000,1,,,,
88,8,1,16,300000,,1,,,,
88,9,1,2,50,,1,,,,
88,10,1,18,1,,1,,1,,
88,11,1,11,300,,1,,,,
89,1,1,12,50,,,,,,
89,1,2,21,1000,,,,,,
89,1,3,18,0.01,,,,,,
89,1,4,15,300000,,,,,,
89,1,5,5,100000,,,,,,
89,1,6,25,25,15000,,,,,
89,2,1,26,50000,,,,,,
89,2,2,2,500,,,,,,
89,2,3,16,5000,,,,,,
89,2,4,9,400,,,,,,
89,2,5,14,100,32000,,,,,
89,3,1,8,10,,,,,,
89,3,2,11,300,,,,,,
89,3,3,6,400000,,,,,,
89,3,4,1,10000,64000,,,,,
89,4,1,4,200,,,,,,
89,4,2,13,200000,,,,,,
89,4,3,19,500000,102000,,,,,
89,5,1,23,75,,,,,,
89,5,2,10,1000000,71000,,,,,
89,6,1,20,5,97000,1,1,,97000,
89,7,1,3,75000,211000,1,,,,
89,8,1,22,750,261000,1,,,,
89,9,1,17,25000,413000,1,,,,
89,10,1,7,750000,,1,,1,,
89,11,1,24,1,,1,,,,
90,1,1,18,400000,,,,,,
90,1,2,10,300,,,,,,
90,1,3,16,200000,,,,,,
90,1,4,2,50,,,,,,
90,1,5,23,750,,,,,,
90,1,6,8,200,23000,,,,,
90,2,1,6,10,,,,,,
90,2,2,14,25,,,,,,
90,2,3,17,5000,,,,,,
90,2,4,25,75,,,,,,
90,2,5,4,500,55000,,,,,
90,3,1,20,0.01,,,,,,
90,3,2,12,100000,,,,,,
90,3,3,26,500000,,,,,,
90,3,4,5,75000,70000,,,,,
90,4,1,24,50000,,,,,,
90,4,2,9,750000,,,,,,
90,4,3,21,1000000,29000,,,,,
90,5,1,19,5,,,,,,
90,5,2,13,25000,37000,,,,,
90,6,1,1,100,52000,,,,,
90,7,1,15,300000,2000,,,,,
90,8,1,3,1,4000,1,1,,4000,
90,9,1,11,10000,,1,,,,
90,10,1,7,1000,,1,,1,,
90,11,1,22,400,,1,,,,
91,1,1,3,1,,,,,,
91,1,2,13,300,,,,,,
91,1,3,1,500000,,,,,,
91,1,4,23,10,,,,,,
91,1,5,15,200,,,,,,
91,1,6,14,400,27000,,,,,
91,2,1,11,75,,,,,,
91,2,2,26,750,,,,,,
91,2,3,19,0.01,,,,,,
91,2,4,2,100,,,,,,
91,2,5,9,5000,71000,,,,,
91,3,1,12,1000,,,,,,
91,3,2,17,25,,,,,,
91,3,3,22,75000,,,,,,
91,3,4,25,750000,111000,,,,,
91,4,1,16,100000,,,,,,
91,4,2,4,25000,,,,,,
91,4,3,7,5,198000,,,,,
91,5,1,21,1000000,,,,,,
91,5,2,6,200000,75000,,,,,
91,6,1,24,10000,106000,,,,,
91,7,1,10,400000,85000,,,,,
91,8,1,20,50000,85000,1,1,,85000,
91,9,1,18,500,140000,1,,,,
91,10,1,5,50,,1,,1,,
91,11,1,8,300000,,1,,,,
92,1,1,19,5,,,,,,
92,1,2,1,750,,,,,,
92,1,3,3,200000,,,,,,
92,1,4,5,25,,,,,,
92,1,5,2,400000,,,,,,
92,1,6,23,10000,30000,,,,,
92,2,1,12,500000,,,,,,
92,2,2,15,5000,,,,,,
92,2,3,11,25000,,,,,,
92,2,4,26,400,,,,,,
92,2,5,7,75,62000,,,,,
92,3,1,10,300000,,,,,,
92,3,2,17,100,,,,,,
92,3,3,4,10,,,,,,
92,3,4,25,100000,86000,,,,,
92,4,1,20,500,,,,,,
92,4,2,8,50000,,,,,,
92,4,3,6,300,141000,,,,,
92,5,1,21,750000,,,,,,
92,5,2,9,1000000,9000,,,,,
92,6,1,16,0.01,15000,,,,,
92,7,1,22,200,21000,,,,,
92,8,1,18,50,27000,,,,,idiot
92,9,1,14,75000,500,,,,,
92,10,1,13,1000,,1,1,1,1000,
92,11,1,24,1,,1,,,,
93,1,1,20,10,,,,,,
93,1,2,19,75,,,,,,
93,1,3,6,50,,,,,,
93,1,4,2,100,,,,,,
93,1,5,24,200000,,,,,,
93,1,6,13,5000,39000,,,,,
93,2,1,3,5,,,,,,
93,2,2,4,0.01,,,,,,
93,2,3,9,10000,,,,,,
93,2,4,18,1,,,,,,
93,2,5,16,25000,82000,,,,,
93,3,1,25,1000000,,,,,,
93,3,2,21,750000,,,,,,
93,3,3,1,400000,,,,,,
93,3,4,11,300000,28000,,,,,
93,4,1,5,25,,,,,,
93,4,2,23,300,,,,,,
93,4,3,15,750,50000,,,,,
93,5,1,10,75000,,,,,,
93,5,2,8,50000,77000,,,,,
93,6,1,12,500000,18000,,,,,
93,7,1,7,200,25000,,,,,
93,8,1,17,100000,600,,,,,
93,9,1,14,1000,425,,,,,
93,10,1,22,500,,1,1,1,500,
93,11,1,26,400,,1,,,,
94,1,1,15,400,,,,,,
94,1,2,12,1,,,,,,
94,1,3,19,200000,,,,,,
94,1,4,4,1000000,,,,,,
94,1,5,1,100000,,,,,,
94,1,6,24,75,12000,,,,,
94,2,1,22,75000,,,,,,
94,2,2,11,750000,,,,,,
94,2,3,16,10000,,,,,,
94,2,4,7,10,,,,,,
94,2,5,8,500,38000,,,,,
94,3,1,13,50,,,,,,
94,3,2,2,500000,,,,,,
94,3,3,3,400000,,,,,,
94,3,4,25,750,21000,,,,,
94,4,1,21,100,,,,,,
94,4,2,23,5,,,,,,
94,4,3,26,200,35000,,,,,
94,5,1,10,25,,,,,,
94,5,2,6,25000,44000,,,,,
94,6,1,18,0.01,59000,,,,,
94,7,1,7,5000,83000,1,1,,83000,
94,8,1,20,300000,,1,,,,
94,9,1,9,1000,,1,,,,
94,10,1,5,50000,,1,,1,,
94,11,1,14,300,,1,,,,
95,1,1,21,1000,,,,,,
95,1,2,1,300,,,,,,
95,1,3,12,500,,,,,,
95,1,4,9,200,,,,,,
95,1,5,20,100,,,,,,
95,1,6,16,400000,20000,,,,,
95,2,1,11,50000,,,,,,
95,2,2,19,75,,,,,,
95,2,3,15,400,,,,,,
95,2,4,23,5000,,,,,,
95,2,5,5,1000000,34000,,,,,
95,3,1,10,10,,,,,,
95,3,2,4,200000,,,,,,
95,3,3,25,750,,,,,,
95,3,4,3,75000,49000,,,,,
95,4,1,24,25000,,,,,,
95,4,2,6,100000,,,,,,
95,4,3,13,750000,37000,,,,,
95,5,1,22,1,,,,,,
95,5,2,26,300000,26000,,,,,
95,6,1,18,500000,1000,,,,,
95,7,1,8,50,2000,,,,,
95,8,1,7,0.01,3000,,,,,
95,9,1,2,5,4000,,,,,
95,10,1,14,10000,,1,,1,10000,
95,11,1,17,25,,1,,,,
96,1,1,14,75000,,,,,,
96,1,2,17,5000,,,,,,
96,1,3,10,25,,,,,,
96,1,4,11,500000,,,,,,
96,1,5,21,10,,,,,,
96,1,6,25,75,31000,,,,,
96,2,1,16,200,,,,,,
96,2,2,5,500,,,,,,
96,2,3,13,200000,,,,,,
96,2,4,15,300,,,,,,
96,2,5,20,0.01,62000,,,,,
96,3,1,9,10000,,,,,,
96,3,2,7,1000000,,,,,,
96,3,3,24,400000,,,,,,
96,3,4,23,100,43000,,,,,
96,4,1,19,750,,,,,,
96,4,2,26,25000,,,,,,
96,4,3,2,50000,77000,,,,,
96,5,1,18,1,,,,,,
96,5,2,1,1000,115250,,,,,
96,6,1,3,5,144000,,,,,
96,7,1,22,400,214000,1,1,,214000,
96,8,1,12,300000,252000,,,,,
96,9,1,4,750000,,,,,,
96,10,1,6,50,,1,,1,,
96,11,1,8,100000,,1,,,,
97,1,1,15,10,,,,,,
97,1,2,6,50000,,,,,,
97,1,3,22,750,,,,,,
97,1,4,23,200000,,,,,,
97,1,5,10,75,,,,,,
97,1,6,3,25000,28000,,,,,
97,2,1,19,75000,,,,,,
97,2,2,26,500,,,,,,
97,2,3,16,300000,,,,,,
97,2,4,1,300,,,,,,
97,2,5,25,100000,45000,,,,,
97,3,1,18,400,,,,,,
97,3,2,11,1000000,,,,,,
97,3,3,14,500000,,,,,,
97,3,4,4,400000,29000,,,,,
97,4,1,24,100,,,,,,
97,4,2,17,5,,,,,,
97,4,3,8,25,48000,1,1,,48000,
97,5,1,20,750000,,1,,,,
97,5,2,2,1000,,1,,,,
97,6,1,5,5000,,1,,,,
97,7,1,9,10000,,1,,,,
97,8,1,12,1,,1,,,,
97,9,1,13,200,,1,,,,
97,10,1,7,50,,1,,1,,
97,11,1,21,0.01,,1,,,,
98,1,1,1,1000000,,,,,,
98,1,2,5,75,,,,,,
98,1,3,12,25000,,,,,,
98,1,4,16,200000,,,,,,
98,1,5,13,500,,,,,,
98,1,6,20,400,19000,,,,,
98,2,1,19,5000,,,,,,
98,2,2,10,10,,,,,,
98,2,3,18,25,,,,,,
98,2,4,11,750000,,,,,,
98,2,5,6,50,34000,,,,,
98,3,1,7,10000,,,,,,
98,3,2,14,0.01,,,,,,
98,3,3,23,500000,,,,,,
98,3,4,21,100,45000,,,,,
98,4,1,3,750,,,,,,
98,4,2,9,400000,,,,,,
98,4,3,2,1,33000,,,,,
98,5,1,22,75000,,,,,,
98,5,2,24,1000,57000,,,,,
98,6,1,15,100000,51000,,,,,
98,7,1,4,300,78000,,,,,
98,8,1,26,200,118000,1,1,,118000,
98,9,1,25,5,172000,1,,,,
98,10,1,8,300000,,1,,1,,
98,11,1,17,50000,,1,,,,
99,1,1,1,10,,,,,,
99,1,2,9,1000,,,,,,
99,1,3,21,500,,,,,,
99,1,4,26,5,,,,,,
99,1,5,6,100,,,,,,
99,1,6,2,25000,80000,,,,,
99,2,1,7,0.01,,,,,,
99,2,2,20,100000,,,,,,
99,2,3,13,200,,,,,,
99,2,4,5,300,,,,,,
99,2,5,12,400,153000,,,,,
99,3,1,18,50,,,,,,
99,3,2,25,750000,,,,,,
99,3,3,8,75000,,,,,,
99,3,4,11,1,169000,,,,,
99,4,1,14,1000000,,,,,,
99,4,2,17,400000,,,,,,
99,4,3,10,75,94000,1,1,,94000,
99,5,1,16,10000,,1,,,,
99,5,2,15,500000,78000,1,,,,
99,6,1,24,750,105000,1,,,,
99,7,1,23,50000,126000,1,,,,
99,8,1,22,300000,62000,1,,,,
99,9,1,4,25,102000,1,,,,
99,10,1,19,200000,,1,,1,,
99,11,1,3,50000,,1,,,,
100,1,1,16,300000,,,,,,
100,1,2,12,0.01,,,,,,
100,1,3,18,200,,,,,,
100,1,4,6,75000,,,,,,
100,1,5,21,1,,,,,,
100,1,6,1,50,36000,,,,,
100,2,1,14,500,,,,,,
100,2,2,20,25000,,,,,,
100,2,3,3,5,,,,,,
100,2,4,23,400000,,,,,,
100,2,5,13,100000,47000,,,,,
100,3,1,5,1000000,,,,,,
100,3,2,25,50000,,,,,,
100,3,3,7,25,,,,,,
100,3,4,15,5000,52000,,,,,
100,4,1,9,10,,,,,,
100,4,2,26,1000,,,,,,
100,4,3,17,300,84000,,,,,
100,5,1,2,200000,,,,,,
100,5,2,4,100,115000,,,,,
100,6,1,22,400,173000,,,,,
100,7,1,11,10000,291000,,,,,
100,8,1,24,500000,211000,1,1,,211000,
100,9,1,19,750000,,1,,,,
100,10,1,8,750,,1,,1,,
100,11,1,10,75,,1,,,,
101,1,1,14,500,,,,,,
101,1,2,11,5,,,,,,
101,1,3,10,100,,,,,,
101,1,4,17,200000,,,,,,
101,1,5,6,200,,,,,,
101,1,6,19,750,33000,,,,,
101,2,1,7,500000,,,,,,
101,2,2,16,1000000,,,,,,
101,2,3,23,25,,,,,,
101,2,4,9,75000,,,,,,
101,2,5,1,1000,27000,,,,,
101,3,1,5,50000,,,,,,
101,3,2,15,25000,,,,,,
101,3,3,4,50,,,,,,
101,3,4,26,10000,54000,,,,,
101,4,1,2,10,,,,,,
101,4,2,8,100000,,,,,,
101,4,3,20,1,77000,,,,,
101,5,1,25,400,,,,,,
101,5,2,18,750000,44000,,,,,
101,6,1,21,300,91000,,,,,
101,7,1,13,0.01,109000,,,,,
101,8,1,3,300000,95000,1,1,,95000,
101,9,1,12,75,210000,1,,,,
101,10,1,22,400000,,1,,1,,
101,11,1,24,5000,,1,,,,
102,1,1,14,200000,,,,,,
102,1,2,15,100000,,,,,,
102,1,3,6,200,,,,,,
102,1,4,26,1000000,,,,,,
102,1,5,2,50000,,,,,,
102,1,6,10,300000,9000,,,,,
102,2,1,21,50,,,,,,
102,2,2,18,75000,,,,,,
102,2,3,7,25,,,,,,
102,2,4,9,300,,,,,,
102,2,5,13,1000,33000,,,,,
102,3,1,1,25000,,,,,,
102,3,2,19,400,,,,,,
102,3,3,25,10,,,,,,
102,3,4,8,100,55000,,,,,
102,4,1,3,0.01,,,,,,
102,4,2,22,750,,,,,,
102,4,3,17,5000,103000,,,,,
102,5,1,4,75,,,,,,
102,5,2,23,1,188000,,,,,
102,6,1,16,500000,157000,,,,,
102,7,1,12,500,261000,,,,,
102,8,1,20,750000,92000,1,1,,92000,
102,9,1,24,10000,182000,1,,,,
102,10,1,11,5,,1,,1,,
102,11,1,5,400000,,1,,,,
103,1,1,3,200,,,,,,
103,1,2,13,5000,,,,,,
103,1,3,14,500000,,,,,,
103,1,4,21,1000000,,,,,,
103,1,5,10,0.01,,,,,,
103,1,6,23,5,13000,,,,,
103,2,1,7,25000,,,,,,
103,2,2,17,750,,,,,,
103,2,3,26,10,,,,,,
103,2,4,1,50,,,,,,
103,2,5,19,100,40000,,,,,
103,3,1,15,500,,,,,,
103,3,2,6,1000,,,,,,
103,3,3,8,200000,,,,,,
103,3,4,25,50000,81000,,,,,
103,4,1,12,75,,,,,,
103,4,2,24,300000,,,,,,
103,4,3,5,10000,89000,,,,,
103,5,1,9,100000,,,,,,
103,5,2,20,400,128000,,,,,
103,6,1,16,1,194000,,,,,
103,7,1,4,300,277000,1,1,,277000,
103,8,1,18,400000,212000,1,,,,
103,9,1,11,25,453000,1,,,,
103,10,1,2,75000,,1,,1,,
103,11,1,22,750000,,1,,,,
104,1,1,9,10000,,,,,,
104,1,2,8,10,,,,,,
104,1,3,5,25000,,,,,,
104,1,4,15,300000,,,,,,
104,1,5,13,75000,,,,,,
104,1,6,20,0.01,20000,,,,,
104,2,1,16,200000,,,,,,
104,2,2,21,1000,,,,,,
104,2,3,12,500000,,,,,,
104,2,4,14,500,,,,,,
104,2,5,22,50,53000,,,,,
104,3,1,11,750,,,,,,
104,3,2,25,50000,,,,,,
104,3,3,19,5000,,,,,,
104,3,4,18,300,78000,,,,,
104,4,1,7,750000,,,,,,
104,4,2,23,1,,,,,,
104,4,3,4,100000,65000,,,,,
104,5,1,2,5,,,,,,
104,5,2,6,1000000,49000,1,1,,49000,
104,6,1,1,75,,1,,,,
104,7,1,10,100,,1,,,,
104,8,1,17,200,,1,,,,
104,9,1,24,25,,1,,,,
104,10,1,3,400000,,1,,1,,
104,11,1,26,400,,1,,,,
105,1,1,4,750,,,,,,
105,1,2,19,25000,,,,,,
105,1,3,7,300,,,,,,
105,1,4,15,50,,,,,,
105,1,5,9,100000,,,,,,
105,1,6,12,5,33000,,,,,
105,2,1,10,1000000,,,,,,
105,2,2,24,10000,,,,,,
105,2,3,20,0.01,,,,,,
105,2,4,14,5000,,,,,,
105,2,5,2,500,46000,,,,,
105,3,1,21,300000,,,,,,
105,3,2,6,400,,,,,,
105,3,3,3,75000,,,,,,
105,3,4,1,400000,58000,,,,,
105,4,1,8,1,,,,,,
105,4,2,17,10,,,,,,
105,4,3,13,750000,39000,,,,,
105,5,1,22,25,,,,,,
105,5,2,5,200000,33000,,,,,
105,6,1,26,200,51000,,,,,
105,7,1,25,75,106000,1,1,,106000,
105,8,1,11,50000,172000,1,,,,
105,9,1,16,500000,,1,,,,
105,10,1,23,100,,1,,1,,
105,11,1,18,1000,,1,,,,
106,1,1,12,200,,,,,,
106,1,2,17,500,,,,,,
106,1,3,8,50,,,,,,
106,1,4,3,100,,,,,,
106,1,5,15,1000000,,,,,,
106,1,6,11,25,18000,,,,,
106,2,1,10,1,,,,,,
106,2,2,24,1000,,,,,,
106,2,3,14,100000,,,,,,
106,2,4,7,5,,,,,,
106,2,5,2,0.01,63000,,,,,
106,3,1,19,200000,,,,,,
106,3,2,23,75,,,,,,
106,3,3,6,750,,,,,,
106,3,4,13,50000,95000,,,,,
106,4,1,22,5000,,,,,,
106,4,2,16,75000,,,,,,
106,4,3,9,500000,103350,,,,,
106,5,1,4,10,,,,,,
106,5,2,20,300,189000,,,,,
106,6,1,1,300000,175000,,,,,
106,7,1,18,25000,264000,,,,,
106,8,1,26,10000,402000,1,1,,402000,
106,9,1,5,400000,,1,,,,
106,10,1,21,400,,1,,1,,
106,11,1,25,750000,,1,,,,
107,1,1,16,10000,,,,,,
107,1,2,12,5000,,,,,,
107,1,3,23,500,,,,,,
107,1,4,5,300,,,,,,
107,1,5,9,50,,,,,,
107,1,6,15,500000,34000,,,,,
107,2,1,14,400000,,,,,,
107,2,2,8,50000,,,,,,
107,2,3,22,25000,,,,,,
107,2,4,19,75000,,,,,,
107,2,5,4,25,51000,,,,,
107,3,1,7,750000,,,,,,
107,3,2,18,100,,,,,,
107,3,3,13,0.01,,,,,,
107,3,4,25,1000000,18000,,,,,
107,4,1,3,1000,,,,,,
107,4,2,6,750,,,,,,
107,4,3,17,400,47000,,,,,
107,5,1,1,200000,,,,,,
107,5,2,10,75,53000,,,,,
107,6,1,20,5,66000,,,,,
107,7,1,21,300000,23000,,,,,
107,8,1,11,100000,50,,,,,
107,9,1,24,1,100,,,,,
107,10,1,2,200,,1,,1,200,
107,11,1,26,10,,1,,,,
108,1,1,14,750000,,,,,,
108,1,2,19,300000,,,,,,
108,1,3,7,400000,,,,,,
108,1,4,2,100,,,,,,
108,1,5,16,75,,,,,,
108,1,6,12,75000,14000,,,,,
108,2,1,6,5,,,,,,
108,2,2,17,300,,,,,,
108,2,3,24,25,,,,,,
108,2,4,9,1000,,,,,,
108,2,5,15,200000,46000,,,,,
108,3,1,22,400,,,,,,
108,3,2,5,10000,,,,,,
108,3,3,23,10,,,,,,
108,3,4,10,50000,85000,,,,,
108,4,1,13,50,,,,,,
108,4,2,4,750,,,,,,
108,4,3,18,100000,116000,,,,,
108,5,1,26,500000,,,,,,
108,5,2,8,5000,99000,1,1,,99000,
108,6,1,21,500,201000,1,,,,
108,7,1,20,1,279000,1,,,,
108,8,1,1,0.01,359000,1,,,,
108,9,1,25,25000,512000,1,,,,
108,10,1,11,1000000,,1,,1,,
108,11,1,3,200,,1,,,,
109,1,1,4,200,,,,,,
109,1,2,17,100,,,,,,
109,1,3,20,0.01,,,,,,
109,1,4,15,750000,,,,,,
109,1,5,23,5000,,,,,,
109,1,6,2,25,22000,,,,,
109,2,1,16,500000,,,,,,
109,2,2,9,1000000,,,,,,
109,2,3,5,10000,,,,,,
109,2,4,26,1000,,,,,,
109,2,5,8,300000,11000,,,,,
109,3,1,18,50000,,,,,,
109,3,2,25,400000,,,,,,
109,3,3,19,300,,,,,,
109,3,4,3,25000,15000,,,,,
109,4,1,10,100000,,,,,,
109,4,2,13,50,,,,,,
109,4,3,6,500,21000,,,,,
109,5,1,14,750,,,,,,
109,5,2,11,75,40000,1,1,,40000,
109,6,1,22,75000,31000,1,,,,
109,7,1,7,400,55000,1,,,,
109,8,1,24,1,73000,1,,,,
109,9,1,21,10,109000,1,,,,
109,10,1,12,5,,1,,1,,
109,11,1,1,200000,,1,,,,
110,1,1,9,0.01,,,,,,
110,1,2,12,750000,,,,,,
110,1,3,17,100000,,,,,,
110,1,4,20,5000,,,,,,
110,1,5,21,1000,,,,,,
110,1,6,15,400,19000,,,,,
110,2,1,2,200,,,,,,
110,2,2,11,50000,,,,,,
110,2,3,18,75,,,,,,
110,2,4,19,1,,,,,,
110,2,5,24,750,59000,,,,,
110,3,1,13,200000,,,,,,
110,3,2,22,100,,,,,,
110,3,3,8,25000,,,,,,
110,3,4,26,500000,81000,1,1,,81000,
110,4,1,23,5,,1,,,,
110,4,2,3,500,,1,,,,
110,4,3,7,25,219000,1,,,,
110,5,1,10,10,,1,,,,
110,5,2,5,300000,248000,1,,,,
110,6,1,6,400000,201000,1,,,,
110,7,1,14,50,297000,1,,,,
110,8,1,4,300,388000,1,,,,
110,9,1,16,10000,561000,1,,,,
110,10,1,25,1000000,,1,,1,,
110,11,1,1,75000,,1,,,,
111,1,1,17,25000,,,,,,
111,1,2,11,75,,,,,,
111,1,3,2,1000,,,,,,
111,1,4,9,100,,,,,,
111,1,5,21,750000,,,,,,
111,1,6,23,300000,21000,,,,,
111,2,1,4,25,,,,,,
111,2,2,7,400000,,,,,,
111,2,3,18,500,,,,,,
111,2,4,10,200,,,,,,
111,2,5,24,500000,18000,,,,,
111,3,1,5,5000,,,,,,
111,3,2,15,200000,,,,,,
111,3,3,1,0.01,,,,,,
111,3,4,8,10000,34000,,,,,
111,4,1,26,10,,,,,,
111,4,2,19,5,,,,,,
111,4,3,16,1000000,13000,,,,,
111,5,1,20,300,,,,,,
111,5,2,6,400,21000,,,,,
111,6,1,25,1,39000,,,,,
111,7,1,14,750,47000,,,,,
111,8,1,12,50,67000,,,,,
111,9,1,22,100000,62000,1,1,,62000,
111,10,1,13,75000,,1,,1,,
111,11,1,3,50000,,1,,,,
112,1,1,20,500,,,,,,
112,1,2,22,1000000,,,,,,
112,1,3,18,200,,,,,,
112,1,4,10,25000,,,,,,
112,1,5,5,300,,,,,,
112,1,6,9,400,16000,,,,,
112,2,1,4,5000,,,,,,
112,2,2,23,25,,,,,,
112,2,3,24,750000,,,,,,
112,2,4,17,200000,,,,,,
112,2,5,8,10,24000,,,,,
112,3,1,2,750,,,,,,
112,3,2,25,50000,,,,,,
112,3,3,11,1,,,,,,
112,3,4,1,0.01,48000,,,,,
112,4,1,13,75000,,,,,,
112,4,2,19,50,,,,,,
112,4,3,21,100,87000,,,,,
112,5,1,15,5,,,,,,
112,5,2,6,500000,72000,,,,,
112,6,1,12,1000,113000,,,,,
112,7,1,26,300000,93000,,,,,
112,8,1,7,100000,107000,1,1,,107000,
112,9,1,3,400000,,1,,,,
112,10,1,14,10000,,1,,1,,
112,11,1,16,75,,1,,,,
113,1,1,14,75000,,,,,,
113,1,2,19,75,,,,,,
113,1,3,23,10000,,,,,,
113,1,4,12,200,,,,,,
113,1,5,16,300000,,,,,,
113,1,6,11,1000,34000,,,,,
113,2,1,13,10,,,,,,
113,2,2,17,50,,,,,,
113,2,3,7,0.01,,,,,,
113,2,4,22,1000000,,,,,,
113,2,5,10,50000,45000,,,,,
113,3,1,20,100000,,,,,,
113,3,2,5,25,,,,,,
113,3,3,2,5,,,,,,
113,3,4,21,1,90000,,,,,
113,4,1,6,750000,,,,,,
113,4,2,1,5000,,,,,,
113,4,3,15,750,79000,,,,,
113,5,1,8,25000,,,,,,
113,5,2,25,400,141000,,,,,
113,6,1,24,300,204000,1,1,,204000,
113,7,1,4,500000,131000,,,,,
113,8,1,26,100,191000,,,,,
113,9,1,18,400000,,,,,,
113,10,1,3,200000,,1,,1,,
113,11,1,9,500,,1,,,,
114,1,1,17,750000,,,,,,
114,1,2,22,750,,,,,,
114,1,3,8,50,,,,,,
114,1,4,12,300,,,,,,
114,1,5,5,50000,,,,,,
114,1,6,11,10000,28000,,,,,
114,2,1,24,5,,,,,,
114,2,2,16,75,,,,,,
114,2,3,19,1000000,,,,,,
114,2,4,13,0.01,,,,,,
114,2,5,1,400,23000,,,,,
114,3,1,2,100000,,,,,,
114,3,2,15,1,,,,,,
114,3,3,25,400000,,,,,,
114,3,4,10,75000,38000,,,,,
114,4,1,20,200000,,,,,,
114,4,2,14,100,,,,,,
114,4,3,18,500000,19000,,,,,
114,5,1,23,500,,,,,,
114,5,2,3,25,35000,,,,,
114,6,1,26,25000,41000,,,,,
114,7,1,9,300000,1200,,,,,
114,8,1,4,1000,1900,,,,,
114,9,1,6,200,2500,,,,,
114,10,1,7,10,,1,1,1,10,
114,11,1,21,5000,,1,,,,
115,1,1,6,1000000,,,,,,
115,1,2,9,750,,,,,,
115,1,3,20,100000,,,,,,
115,1,4,15,5,,,,,,
115,1,5,23,400,,,,,,
115,1,6,19,10,17000,,,,,
115,2,1,22,750000,,,,,,
115,2,2,18,75000,,,,,,
115,2,3,5,1,,,,,,
115,2,4,16,200000,,,,,,
115,2,5,14,5000,24000,,,,,
115,3,1,4,400000,,,,,,
115,3,2,13,300,,,,,,
115,3,3,25,100,,,,,,
115,3,4,10,500,39000,,,,,
115,4,1,8,10000,,,,,,
115,4,2,17,75,,,,,,
115,4,3,2,25,55000,,,,,
115,5,1,21,1000,,,,,,
115,5,2,11,500000,32000,,,,,
115,6,1,7,0.01,47000,,,,,
115,7,1,24,25000,61000,,,,,
115,8,1,3,300000,12000,,,,,
115,9,1,26,200,23000,,,,,
115,10,1,12,50000,,1,1,1,50000,
115,11,1,1,50,,1,,,,
116,1,1,5,300,,,,,,
116,1,2,14,400000,,,,,,
116,1,3,15,500,,,,,,
116,1,4,23,10000,,,,,,
116,1,5,8,50000,,,,,,
116,1,6,3,300000,31000,,,,,
116,2,1,18,1000000,,,,,,
116,2,2,17,200,,,,,,
116,2,3,7,50,,,,,,
116,2,4,20,400,,,,,,
116,2,5,25,25,45000,,,,,
116,3,1,13,5000,,,,,,
116,3,2,1,10,,,,,,
116,3,3,10,5,,,,,,
116,3,4,22,200000,54000,,,,,
116,4,1,9,75000,,,,,,
116,4,2,2,750000,,,,,,
116,4,3,4,500000,14000,,,,,
116,5,1,12,75,,,,,,
116,5,2,21,1000,20000,,,,,
116,6,1,6,100000,3000,,,,,
116,7,1,24,25000,150,1,1,,150,
116,8,1,16,1,,1,,,,
116,9,1,19,100,,1,,,,
116,10,1,11,750,,1,,1,,
116,11,1,26,0.01,,1,,,,
117,1,1,7,750,,,,,,
117,1,2,22,100,,,,,,
117,1,3,26,1000000,,,,,,
117,1,4,10,25,,,,,,
117,1,5,12,500,,,,,,
117,1,6,13,100000,22000,,,,,
117,2,1,16,25000,,,,,,
117,2,2,21,50,,,,,,
117,2,3,14,0.01,,,,,,
117,2,4,11,1000,,,,,,
117,2,5,4,75000,55000,,,,,
117,3,1,5,5,,,,,,
117,3,2,6,400000,,,,,,
117,3,3,1,1,,,,,,
117,3,4,15,75,108000,,,,,
117,4,1,3,400,,,,,,
117,4,2,24,300000,,,,,,
117,4,3,17,200,136000,,,,,
117,5,1,9,500000,,,,,,
117,5,2,25,300,122000,,,,,
117,6,1,23,50000,148000,,,,,
117,7,1,18,10,198000,,,,,
117,8,1,8,750000,60000,1,1,,60000,
117,9,1,19,200000,,1,,,,
117,10,1,2,10000,,1,,1,,
117,11,1,20,5000,,1,,,,
118,1,1,4,100,,,,,,
118,1,2,9,400,,,,,,
118,1,3,17,10,,,,,,
118,1,4,21,200000,,,,,,
118,1,5,13,1000,,,,,,
118,1,6,8,50000,37000,,,,,
118,2,1,25,500000,,,,,,
118,2,2,14,750,,,,,,
118,2,3,11,0.01,,,,,,
118,2,4,3,400000,,,,,,
118,2,5,20,200,61000,,,,,
118,3,1,22,750000,,,,,,
118,3,2,1,75,,,,,,
118,3,3,18,5000,,,,,,
118,3,4,5,1,88000,,,,,
118,4,1,19,1000000,,,,,,
118,4,2,6,25,,,,,,
118,4,3,15,5,33000,,,,,
118,5,1,2,10000,,,,,,
118,5,2,12,100000,29000,,,,,
118,6,1,16,300000,17000,,,,,
118,7,1,7,300,27000,1,1,,27000,
118,8,1,10,75000,,1,,,,
118,9,1,24,50,,1,,,,
118,10,1,23,25000,,1,,1,,
118,11,1,26,500,,1,,,,
119,1,1,2,25000,,,,,,
119,1,2,1,5,,,,,,
119,1,3,8,100,,,,,,
119,1,4,13,200000,,,,,,
119,1,5,14,50,,,,,,
119,1,6,19,400,41000,,,,,
119,2,1,26,200,,,,,,
119,2,2,4,750000,,,,,,
119,2,3,20,100000,,,,,,
119,2,4,9,50000,,,,,,
119,2,5,24,300,52000,,,,,
119,3,1,18,5000,,,,,,
119,3,2,12,10000,,,,,,
119,3,3,17,1000000,,,,,,
119,3,4,7,10,42000,,,,,
119,4,1,11,400000,,,,,,
119,4,2,21,750,,,,,,
119,4,3,3,1,65000,,,,,
119,5,1,16,75,,,,,,
119,5,2,25,500000,39000,,,,,
119,6,1,6,25,53000,,,,,
119,7,1,10,300000,14000,1,1,,14000,
119,8,1,5,500,,1,,,,
119,9,1,22,0.01,,1,,,,
119,10,1,15,1000,,1,,1,,
119,11,1,23,75000,,1,,,,
120,1,1,25,25,,,,,,
120,1,2,8,100,,,,,,
120,1,3,12,5000,,,,,,
120,1,4,16,500,,,,,,
120,1,5,7,10,,,,,,
120,1,6,13,1000,63000,,,,,
120,2,1,10,100000,,,,,,
120,2,2,4,300000,,,,,,
120,2,3,5,400,,,,,,
120,2,4,21,75000,,,,,,
120,2,5,17,1000000,38000,,,,,
120,3,1,14,750,,,,,,
120,3,2,11,500000,,,,,,
120,3,3,1,75,,,,,,
120,3,4,24,5,52000,,,,,
120,4,1,6,300,,,,,,
120,4,2,15,1,,,,,,
120,4,3,20,400000,56000,,,,,
120,5,1,3,50000,,,,,,
120,5,2,19,0.01,95000,,,,,
120,6,1,23,10000,147000,,,,,
120,7,1,9,200000,139000,1,1,,139000,
120,8,1,2,25000,231000,1,,,,
120,9,1,18,200,411000,1,,,,
120,10,1,22,50,,1,,1,,
120,11,1,26,750000,,1,,,,
121,1,1,10,50000,,,,,,
121,1,2,7,5000,,,,,,
121,1,3,1,300,,,,,,
121,1,4,17,25000,,,,,,
121,1,5,9,10000,,,,,,
121,1,6,14,75,61000,,,,,
121,2,1,8,10,,,,,,
121,2,2,3,300000,,,,,,
121,2,3,13,400,,,,,,
121,2,4,18,1000,,,,,,
121,2,5,11,400000,85000,,,,,
121,3,1,2,500,,,,,,
121,3,2,6,75000,,,,,,
121,3,3,21,100000,,,,,,
121,3,4,23,50,136000,,,,,
121,4,1,24,0.01,,,,,,
121,4,2,16,1000000,,,,,,
121,4,3,5,750000,49000,,,,,
121,5,1,4,200000,,,,,,
121,5,2,19,500000,150,,,,,
121,6,1,22,750,40,,,,,
121,7,1,12,200,30,,,,,
121,8,1,15,25,35,,,,,
121,9,1,20,100,3,,,,,
121,10,1,25,1,,1,1,1,1,
121,11,1,26,5,,1,,,,
122,1,1,22,1000,,,,,,
122,1,2,12,5,,,,,,
122,1,3,14,750000,,,,,,
122,1,4,8,500000,,,,,,
122,1,5,21,200,,,,,,
122,1,6,17,400000,19000,,,,,
122,2,1,16,50000,,,,,,
122,2,2,6,500,,,,,,
122,2,3,2,300000,,,,,,
122,2,4,24,100,,,,,,
122,2,5,20,10,27000,,,,,
122,3,1,18,750,,,,,,
122,3,2,11,0.01,,,,,,
122,3,3,1,200000,,,,,,
122,3,4,26,1000000,10000,,,,,
122,4,1,3,50,,,,,,
122,4,2,23,10000,,,,,,
122,4,3,13,75000,12000,,,,,
122,5,1,4,100000,,,,,,
122,5,2,5,1,4000,,,,,
122,6,1,10,5000,5000,,,,,
122,7,1,25,75,7000,1,1,,7000,
122,8,1,9,25,,1,,,,
122,9,1,15,400,,1,,,,
122,10,1,7,300,,1,,1,,
122,11,1,19,25000,,1,,,,
123,1,1,10,1000,,,,,,
123,1,2,6,75000,,,,,,
123,1,3,22,500000,,,,,,
123,1,4,23,0.01,,,,,,
123,1,5,21,100,,,,,,
123,1,6,1,1,29000,,,,,
123,2,1,2,5000,,,,,,
123,2,2,18,1000000,,,,,,
123,2,3,19,50,,,,,,
123,2,4,15,75,,,,,,
123,2,5,11,10000,35000,,,,,
123,3,1,13,100000,,,,,,
123,3,2,7,400000,,,,,,
123,3,3,20,200000,,,,,,
123,3,4,3,750000,12000,,,,,
123,4,1,4,300000,,,,,,
123,4,2,14,25000,,,,,,
123,4,3,5,300,4000,,,,,
123,5,1,12,500,,,,,,
123,5,2,17,50000,150,,,,,
123,6,1,9,10,200,,,,,
123,7,1,8,5,300,,,,,
123,8,1,24,200,425,,,,,
123,9,1,16,750,190,,,,,
123,10,1,26,400,,1,1,1,400,
123,11,1,25,25,,1,,,,
124,1,1,15,10000,,,,,,
124,1,2,21,75,,,,,,
124,1,3,9,750000,,,,,,
124,1,4,23,50000,,,,,,
124,1,5,7,50,,,,,,
124,1,6,1,1000000,23000,,,,,
124,2,1,12,200,,,,,,
124,2,2,5,100000,,,,,,
124,2,3,11,200000,,,,,,
124,2,4,26,10,,,,,,
124,2,5,14,500000,18000,,,,,
124,3,1,20,750,,,,,,
124,3,2,3,5000,,,,,,
124,3,3,8,500,,,,,,
124,3,4,13,1,31000,,,,,
124,4,1,17,100,,,,,,
124,4,2,22,300,,,,,,
124,4,3,18,25,50000,,,,,
124,5,1,4,0.01,,,,,,
124,5,2,2,400,97000,,,,,
124,6,1,24,300000,66000,,,,,
124,7,1,16,75000,80000,1,1,,80000,
124,8,1,25,5,142000,1,,,,
124,9,1,6,1000,215000,1,,,,
124,10,1,10,25000,,1,,1,,
124,11,1,19,400000,,1,,,,
125,1,1,3,200000,,,,,,
125,1,2,17,200,,,,,,
125,1,3,24,100,,,,,,
125,1,4,13,400000,,,,,,
125,1,5,23,100000,,,,,,
125,1,6,11,300,23000,,,,,
125,2,1,26,400,,,,,,
125,2,2,5,500000,,,,,,
125,2,3,18,300000,,,,,,
125,2,4,1,75000,,,,,,
125,2,5,9,75,33000,,,,,
125,3,1,6,500,,,,,,
125,3,2,2,1000,,,,,,
125,3,3,10,750000,,,,,,
125,3,4,12,750,41000,,,,,
125,4,1,21,1,,,,,,
125,4,2,15,25000,,,,,,
125,4,3,25,5,65000,,,,,
125,5,1,20,5000,,,,,,
125,5,2,16,10,96000,,,,,
125,6,1,4,50,148000,,,,,
125,7,1,19,50000,209000,,,,,
125,8,1,8,0.01,305000,,,,,
125,9,1,14,1000000,5000,,,,,
125,10,1,7,25,,1,1,1,25,
125,11,1,22,10000,,1,,,,
126,1,1,26,75000,,,,,,
126,1,2,4,100000,,,,,,
126,1,3,21,400,,,,,,
126,1,4,6,750000,,,,,,
126,1,5,1,10000,,,,,,
126,1,6,18,200000,17174,,,,,
126,2,1,14,1,,,,,,
126,2,2,17,500,,,,,,
126,2,3,9,100,,,,,,
126,2,4,11,5,,,,,,
126,2,5,23,200,51000,,,,,
126,3,1,5,1000000,,,,,,
126,3,2,3,750,,,,,,
126,3,3,12,50000,,,,,,
126,3,4,8,400000,31000,,,,,
126,4,1,22,300,,,,,,
126,4,2,24,1000,,,,,,
126,4,3,25,300000,31000,,,,,
126,5,1,19,75,,,,,,
126,5,2,13,500000,3000,,,,,
126,6,1,2,25000,1000,,,,,
126,7,1,15,5000,20,,,,,
126,8,1,7,25,22,,,,,
126,9,1,20,50,6,,,,,
126,10,1,16,10,,1,1,1,10,
126,11,1,10,0.01,,1,,,,
127,1,1,15,1000,,,,,,
127,1,2,5,750,,,,,,
127,1,3,22,5000,,,,,,
127,1,4,4,750000,,,,,,
127,1,5,1,400,,,,,,
127,1,6,13,10,38000,,,,,
127,2,1,11,500,,,,,,
127,2,2,16,10000,,,,,,
127,2,3,24,50,,,,,,
127,2,4,18,200000,,,,,,
127,2,5,9,300000,49000,,,,,
127,3,1,12,0.01,,,,,,
127,3,2,17,75000,,,,,,
127,3,3,10,75,,,,,,
127,3,4,3,100,73000,,,,,
127,4,1,21,100000,,,,,,
127,4,2,8,50000,,,,,,
127,4,3,25,25,145000,,,,,
127,5,1,2,400000,,,,,,
127,5,2,26,5,201000,,,,,
127,6,1,6,25000,272000,1,1,,272000,
127,7,1,7,200,368000,1,,,,
127,8,1,23,1,496000,1,,,,
127,9,1,14,500000,520000,1,,,,
127,10,1,19,300,,1,,1,,
127,11,1,20,1000000,,1,,,,
128,1,1,18,500,,,,,,
128,1,2,2,75,,,,,,
128,1,3,9,750,,,,,,
128,1,4,17,300000,,,,,,
128,1,5,5,50000,,,,,,
128,1,6,1,200000,45000,,,,,
128,2,1,10,1,,,,,,
128,2,2,21,5,,,,,,
128,2,3,23,750000,,,,,,
128,2,4,6,300,,,,,,
128,2,5,24,100000,39000,,,,,
128,3,1,7,200,,,,,,
128,3,2,15,10000,,,,,,
128,3,3,19,25000,,,,,,
128,3,4,14,0.01,86000,,,,,
128,4,1,22,75000,,,,,,
128,4,2,4,50,,,,,,
128,4,3,16,500000,96000,,,,,
128,5,1,12,10,,,,,,
128,5,2,11,1000000,27000,,,,,
128,6,1,25,400000,700,,,,,
128,7,1,3,100,1100,,,,,
128,8,1,20,400,1500,,,,,
128,9,1,13,1000,2400,,,,,
128,10,1,26,25,,1,1,1,25,
128,11,1,8,5000,,1,,,,
129,1,1,9,200,,,,,,
129,1,2,16,200000,,,,,,
129,1,3,25,500000,,,,,,
129,1,4,2,500,,,,,,
129,1,5,20,750,,,,,,
129,1,6,12,0.01,34000,,,,,
129,2,1,14,75,,,,,,
129,2,2,22,300000,,,,,,
129,2,3,4,25000,,,,,,
129,2,4,19,50,,,,,,
129,2,5,15,100,51000,,,,,
129,3,1,6,10,,,,,,
129,3,2,21,75000,,,,,,
129,3,3,1,1,,,,,,
129,3,4,7,400000,62000,,,,,
129,4,1,10,1000,,,,,,
129,4,2,17,25,,,,,,
129,4,3,23,50000,116900,,,,,
129,5,1,11,100000,,,,,,
129,5,2,3,300,195000,,,,,
129,6,1,13,5000,237000,,,,,
129,7,1,8,750000,189000,1,1,,189000,
129,8,1,24,10000,341000,1,,,,
129,9,1,5,400,520000,1,,,,
129,10,1,18,1000000,,1,,1,,
129,11,1,26,5,,1,,,,
130,1,1,2,0.01,,,,,,
130,1,2,25,300,,,,,,
130,1,3,14,200000,,,,,,
130,1,4,17,10,,,,,,
130,1,5,21,100000,,,,,,
130,1,6,13,5000,77000,,,,,
130,2,1,9,75,,,,,,
130,2,2,23,400000,,,,,,
130,2,3,12,400,,,,,,
130,2,4,11,750000,,,,,,
130,2,5,4,750,49000,,,,,
130,3,1,26,500,,,,,,
130,3,2,7,1,,,,,,
130,3,3,20,25000,,,,,,
130,3,4,3,1000000,35000,,,,,
130,4,1,15,50000,,,,,,
130,4,2,5,1000,,,,,,
130,4,3,22,100,46000,,,,,
130,5,1,18,5,,,,,,
130,5,2,8,200,84000,,,,,
130,6,1,1,50,131000,,,,,
130,7,1,6,500000,84000,,,,,
130,8,1,24,300000,23000,1,1,,23000,
130,9,1,10,75000,,1,,,,
130,10,1,19,25,,1,,1,,
130,11,1,16,10000,,1,,,,
131,1,1,15,75000,,,,,,
131,1,2,17,500,,,,,,
131,1,3,21,0.01,,,,,,
131,1,4,19,5,,,,,,
131,1,5,5,75,,,,,,
131,1,6,11,300,57000,,,,,
131,2,1,7,500000,,,,,,
131,2,2,13,300000,,,,,,
131,2,3,12,400000,,,,,,
131,2,4,26,50000,,,,,,
131,2,5,10,100000,39000,,,,,
131,3,1,24,100,,,,,,
131,3,2,8,5000,,,,,,
131,3,3,1,200,,,,,,
131,3,4,18,10,81000,,,,,
131,4,1,3,1000000,,,,,,
131,4,2,9,25000,,,,,,
131,4,3,6,750000,18000,,,,,
131,5,1,4,1000,,,,,,
131,5,2,16,1,24000,,,,,
131,6,1,23,50,29000,,,,42000,
131,7,1,14,10000,42000,1,1,,,
131,8,1,25,750,64000,1,,,,
131,9,1,20,400,98000,1,,,,
131,10,1,22,25,,1,,1,,
131,11,1,2,200000,,1,,,,
132,1,1,7,300000,,,,,,
132,1,2,2,500,,,,,,
132,1,3,5,500000,,,,,,
132,1,4,26,25000,,,,,,
132,1,5,6,10,,,,,,
132,1,6,4,50,34000,,,,,
132,2,1,10,200,,,,,,
132,2,2,9,25,,,,,,
132,2,3,13,75,,,,,,
132,2,4,3,200000,,,,,,
132,2,5,18,75000,50000,,,,,
132,3,1,8,100000,,,,,,
132,3,2,21,50000,,,,,,
132,3,3,12,5000,,,,,,
132,3,4,20,750000,44000,,,,,
132,4,1,17,5,,,,,,
132,4,2,11,10000,,,,,,
132,4,3,25,1000,88000,,,,,
132,5,1,15,400000,,,,,,
132,5,2,16,0.01,79000,,,,,
132,6,1,22,100,121000,,,,,
132,7,1,19,1,236000,1,1,,236000,
132,8,1,23,400,333000,1,,,,
132,9,1,24,750,502000,1,,,,
132,10,1,1,1000000,,1,,1,,
132,11,1,14,300,,1,,,,
133,1,1,1,750000,,,,,,
133,1,2,5,10000,,,,,,
133,1,3,10,1000,,,,,,
133,1,4,15,75000,,,,,,
133,1,5,13,300,,,,,,
133,1,6,22,25,38000,,,,,
133,2,1,2,1,,,,,,
133,2,2,26,400000,,,,,,
133,2,3,25,5,,,,,,
133,2,4,7,0.01,,,,,,
133,2,5,21,500,53000,,,,,
133,3,1,24,50,,,,,,
133,3,2,14,200,,,,,,
133,3,3,11,300000,,,,,,
133,3,4,12,100000,67000,,,,,
133,4,1,4,50000,,,,,,
133,4,2,6,100,,,,,,
133,4,3,20,25000,130000,,,,,
133,5,1,9,750,,,,,,
133,5,2,19,200000,141000,,,,,
133,6,1,18,1000000,41000,,,,,
133,7,1,17,500000,1000,,,,,
133,8,1,16,400,1700,1,1,,1700,
133,9,1,8,5000,,1,,,,
133,10,1,3,75,,1,,1,,
133,11,1,23,10,,1,,,,
134,1,1,8,100,,,,,,
134,1,2,12,750000,,,,,,
134,1,3,24,75000,,,,,,
134,1,4,20,400,,,,,,
134,1,5,21,200000,,,,,,
134,1,6,3,300000,29000,,,,,
134,2,1,15,1000000,,,,,,
134,2,2,18,5,,,,,,
134,2,3,6,1000,,,,,,
134,2,4,23,0.01,,,,,,
134,2,5,11,100000,25000,,,,,
134,3,1,19,500000,,,,,,
134,3,2,10,25000,,,,,,
134,3,3,5,10,,,,,,
134,3,4,9,300,31000,,,,,
134,4,1,7,400000,,,,,,
134,4,2,13,75,,,,,,
134,4,3,4,750,7000,,,,,
134,5,1,25,200,,,,,,
134,5,2,17,500,10000,,,,,
134,6,1,22,50000,3000,,,,,
134,7,1,2,1,4000,1,1,,4000,
134,8,1,26,10000,1800,1,,,,
134,9,1,1,25,,1,,,,
134,10,1,14,5000,,1,,1,,
134,11,1,16,50,,1,,,,
135,1,1,10,100,,,,,,
135,1,2,7,1000,,,,,,
135,1,3,1,50,,,,,,
135,1,4,23,300,,,,,,
135,1,5,6,200,,,,,,
135,1,6,26,100000,62000,,,,,
135,2,1,3,500,,,,,,
135,2,2,15,1,,,,,,
135,2,3,25,5000,,,,,,
135,2,4,2,750,,,,,,
135,2,5,22,1000000,55000,,,,,
135,3,1,20,0.01,,,,,,
135,3,2,16,75000,,,,,,
135,3,3,9,25000,,,,,,
135,3,4,5,400000,77000,,,,,
135,4,1,14,50000,,,,,,
135,4,2,12,200000,,,,,,
135,4,3,19,5,108000,,,,,
135,5,1,24,10000,,,,,,
135,5,2,13,10,201000,,,,,
135,6,1,17,500000,129000,1,1,,129000,
135,7,1,8,400,271000,1,,,,
135,8,1,21,300000,249000,1,,,,
135,9,1,18,75,413000,1,,,,
135,10,1,11,750000,,1,,1,,
135,11,1,4,25,,1,,,,
136,1,1,26,500,,,,,,
136,1,2,12,1000,,,,,,
136,1,3,16,400000,,,,,,
136,1,4,21,0.01,,,,,,
136,1,5,18,750,,,,,,
136,1,6,23,75000,56000,,,,,
136,2,1,6,400,,,,,,
136,2,2,9,1,,,,,,
136,2,3,25,300,,,,,,
136,2,4,15,50,,,,,,
136,2,5,24,300000,85000,,,,,
136,3,1,10,750000,,,,,,
136,3,2,19,200,,,,,,
136,3,3,4,10,,,,,,
136,3,4,8,5000,102000,,,,,
136,4,1,20,75,,,,,,
136,4,2,2,25,,,,,,
136,4,3,5,500000,91000,,,,,
136,5,1,14,100000,,,,,,
136,5,2,22,1000000,20000,,,,,
136,6,1,1,50000,33000,,,,,
136,7,1,13,5,60000,1,1,,60000,
136,8,1,17,200000,,1,,,,
136,9,1,7,25000,,1,,,,
136,10,1,3,10000,,1,,1,,
136,11,1,11,100,,1,,,,
137,1,1,7,300000,,,,,,
137,1,2,6,750000,,,,,,
137,1,3,15,1000,,,,,,
137,1,4,21,400000,,,,,,
137,1,5,17,1000000,,,,,,
137,1,6,2,200,17000,,,,,
137,2,1,18,10000,,,,,,
137,2,2,8,400,,,,,,
137,2,3,9,100,,,,,,
137,2,4,20,50000,,,,,,
137,2,5,19,75000,21000,,,,,
137,3,1,12,1,,,,,,
137,3,2,23,100000,,,,,,
137,3,3,14,750,,,,,,
137,3,4,4,5000,35000,,,,,
137,4,1,3,500,,,,,,
137,4,2,13,5,,,,,,
137,4,3,22,50,49000,,,,,
137,5,1,10,0.01,,,,,,
137,5,2,5,300,76000,,,,,
137,6,1,26,25000,96000,,,,,
137,7,1,1,200000,87000,1,1,,87000,
137,8,1,25,25,152000,1,,,,
137,9,1,16,10,271000,1,,,,
137,10,1,11,75,,1,,1,,
137,11,1,24,500000,,1,,,,
138,1,1,2,25000,,,,,,
138,1,2,22,1000000,,,,,,
138,1,3,16,50,,,,,,
138,1,4,7,400,,,,,,
138,1,5,12,75000,,,,,,
138,1,6,18,100000,27000,,,,,
138,2,1,4,100,,,,,,
138,2,2,20,5,,,,,,
138,2,3,26,0.01,,,,,,
138,2,4,15,50000,,,,,,
138,2,5,9,750,54000,,,,,
138,3,1,13,500,,,,,,
138,3,2,21,300000,,,,,,
138,3,3,17,10,,,,,,
138,3,4,3,25,66000,,,,,
138,4,1,1,1,,,,,,
138,4,2,14,300,,,,,,
138,4,3,25,500000,81000,,,,,
138,5,1,8,750000,,,,,,
138,5,2,24,1000,48000,,,,,
138,6,1,10,10000,70000,,,,,
138,7,1,11,200000,63000,1,1,,63000,
138,8,1,19,400000,,1,,,,
138,9,1,5,200,,1,,,,
138,10,1,6,5000,,1,,1,,
138,11,1,23,75,,1,,,,
139,1,1,17,75000,,,,,,refuse to lose
139,1,2,10,100,,,,,,
139,1,3,2,1000000,,,,,,
139,1,4,25,10000,,,,,,
139,1,5,16,500,,,,,,
139,1,6,7,5,42000,,,,,
139,2,1,11,750,,,,,,
139,2,2,6,5000,,,,,,
139,2,3,15,750000,,,,,,
139,2,4,1,100000,,,,,,
139,2,5,5,10,37000,,,,,
139,3,1,22,50000,,,,,,
139,3,2,26,1000,,,,,,
139,3,3,14,200000,,,,,,
139,3,4,9,200,63000,,,,,
139,4,1,3,500000,,,,,,
139,4,2,24,75,,,,,,
139,4,3,18,400,43000,,,,,
139,5,1,8,0.01,,,,,,thx rocco
139,5,2,4,25000,85000,,,,,
139,6,1,21,300000,58000,,,,,
139,7,1,12,400000,40,,,,,
139,8,1,19,300,20,,,,,
139,9,1,13,25,25,,,,,
139,10,1,23,1,,1,,1,1,
139,11,1,20,50,,1,,,,
140,1,1,3,750,,,,,,
140,1,2,20,75000,,,,,,
140,1,3,23,5000,,,,,,
140,1,4,8,10,,,,,,
140,1,5,5,400000,,,,,,
140,1,6,16,5,52000,,,,,
140,2,1,11,300000,,,,,,
140,2,2,12,10000,,,,,,
140,2,3,25,1,,,,,,
140,2,4,2,0.01,,,,,,
140,2,5,21,1000000,32000,,,,,
140,3,1,15,500,,,,,,
140,3,2,22,25000,,,,,,
140,3,3,9,750000,,,,,,
140,3,4,6,500000,11000,,,,,
140,4,1,19,200,,,,,,
140,4,2,13,50000,,,,,,
140,4,3,26,50,20000,,,,,
140,5,1,18,100,,,,,,
140,5,2,1,200000,14000,,,,,
140,6,1,10,300,18000,,,,,
140,7,1,17,100000,350,,,,,
140,8,1,7,75,500,,,,,
140,9,1,24,400,550,,,,,
140,10,1,14,25,,1,1,1,25,
140,11,1,4,1000,,1,,,,
141,1,1,12,5000,,,,,,
141,1,2,16,50,,,,,,
141,1,3,20,1,,,,,,
141,1,4,26,50000,,,,,,
141,1,5,8,100,,,,,,
141,1,6,18,200,72000,,,,,asshole didn't get an offer
141,2,1,14,750000,,,,,,
141,2,2,24,75,,,,,,
141,2,3,21,25,,,,,,
141,2,4,19,300,,,,,,
141,2,5,9,1000,61000,,,,,
141,3,1,23,300000,,,,,,
141,3,2,6,200000,,,,,,
141,3,3,17,100000,,,,,,
141,3,4,2,400,88000,,,,,
141,4,1,4,5,,,,,,
141,4,2,13,10,,,,,,
141,4,3,22,25000,145000,,,,,
141,5,1,1,1000000,,,,,,
141,5,2,15,400000,45000,,,,,
141,6,1,11,10000,59000,1,1,,59000,
141,7,1,25,500,136000,1,,,,
141,8,1,10,500000,28000,1,,,,
141,9,1,5,750,,1,,,,
141,10,1,3,0.01,,1,,1,,
141,11,1,7,75000,,1,,,,
142,1,1,1,25000,,,,,,
142,1,2,2,400000,,,,,,
142,1,3,3,1000000,,,,,,
142,1,4,4,100,,,,,,
142,1,5,5,300000,,,,,,
142,1,6,6,750,26000,,,,,
142,2,1,22,750000,,,,,,
142,2,2,19,50,,,,,,
142,2,3,15,10000,,,,,,
142,2,4,17,200,,,,,,
142,2,5,21,300,35000,,,,,
142,3,1,12,5,,,,,,
142,3,2,9,1,,,,,,
142,3,3,18,0.01,,,,,,
142,3,4,16,500000,22000,,,,,
142,4,1,13,25,,,,,,
142,4,2,7,5000,,,,,,
142,4,3,11,100000,27000,,,,,
142,5,1,8,500,,,,,,
142,5,2,24,50000,33000,,,,,
142,6,1,20,400,41000,,,,,
142,7,1,14,75000,44000,,,,,
142,8,1,25,75,65000,,,,,
142,9,1,23,10,110000,,,,,
142,10,1,10,1000,,1,1,1,1000,
142,11,1,26,200000,,1,,,,
143,1,1,14,500,,,,,,
143,1,2,25,0.01,,,,,,
143,1,3,15,1,,,,,,
143,1,4,12,400000,,,,,,
143,1,5,9,400,,,,,,
143,1,6,26,50,53000,,,,,
143,2,1,21,25000,,,,,,
143,2,2,10,75,,,,,,
143,2,3,4,200,,,,,,
143,2,4,1,500000,,,,,,
143,2,5,22,1000000,33000,,,,,
143,3,1,23,75000,,,,,,
143,3,2,7,200000,,,,,,
143,3,3,6,10,,,,,,
143,3,4,2,750000,21000,,,,,
143,4,1,11,5,,,,,,
143,4,2,3,25,,,,,,
143,4,3,8,100000,31000,,,,,
143,5,1,5,5000,,,,,,
143,5,2,16,750,44000,,,,,
143,6,1,18,300,57000,,,,,
143,7,1,19,10000,72000,,,,,
143,8,1,13,100,101000,,,,,
143,9,1,24,1000,146000,,,,,
143,10,1,17,50000,,1,1,1,50000,
143,11,1,20,300000,,1,,,,
144,1,1,3,500000,,,,,,
144,1,2,21,5,,,,,,
144,1,3,11,10,,,,,,
144,1,4,7,25,,,,,,
144,1,5,23,1000,,,,,,
144,1,6,1,25000,56000,,,,,
144,2,1,15,750000,,,,,,
144,2,2,16,50,,,,,,
144,2,3,8,200000,,,,,,
144,2,4,2,5000,,,,,,
144,2,5,24,400000,38000,,,,,
144,3,1,17,0.01,,,,,,
144,3,2,20,500,,,,,,
144,3,3,12,750,,,,,,
144,3,4,13,50000,69000,,,,,
144,4,1,6,100,,,,,,
144,4,2,18,1000000,,,,,,
144,4,3,4,400,22000,,,,,
144,5,1,14,300000,,,,,,
144,5,2,26,300,20000,,,,,
144,6,1,25,75,27000,,,,,OH
144,7,1,5,100000,18000,,,,,MY
144,8,1,22,1,25000,,,,,GOOD
144,9,1,9,75000,4000,,,,,NESSS
144,10,1,10,10000,,1,1,1,10000,!
144,11,1,19,200,,1,,,,!!!!!
145,1,1,2,200,,,,,,
145,1,2,1,25,,,,,,
145,1,3,14,10,,,,,,
145,1,4,19,1000000,,,,,,
145,1,5,20,200000,,,,,,
145,1,6,13,750,44000,,,,,
145,2,1,6,0.01,,,,,,
145,2,2,4,300,,,,,,
145,2,3,25,5,,,,,,
145,2,4,22,25000,,,,,,
145,2,5,11,300000,59000,,,,,
145,3,1,16,50,,,,,,
145,3,2,18,100,,,,,,
145,3,3,15,1000,,,,,,
145,3,4,24,75,87000,,,,,
145,4,1,26,500000,,,,,,
145,4,2,12,500,,,,,,
145,4,3,8,5000,106000,,,,,
145,5,1,21,750000,,,,,,
145,5,2,3,400,48000,,,,,
145,6,1,7,75000,61000,,,,,
145,7,1,23,400000,29000,,,,,
145,8,1,5,10000,35000,,,,,
145,9,1,10,100000,20000,,,,,
145,10,1,9,1,,1,1,1,1,
145,11,1,17,50000,,1,,,,
146,1,1,8,50000,,,,,,
146,1,2,19,1,,,,,,
146,1,3,1,100,,,,,,
146,1,4,22,1000,,,,,,
146,1,5,5,75,,,,,,
146,1,6,14,750000,43000,,,,,
146,2,1,7,100000,,,,,,
146,2,2,11,5000,,,,,,
146,2,3,21,10,,,,,,
146,2,4,6,25,,,,,,
146,2,5,26,400,86000,,,,,
146,3,1,23,500000,,,,,,
146,3,2,4,25000,,,,,,
146,3,3,15,1000000,,,,,,
146,3,4,25,200,37000,,,,,
146,4,1,16,300,,,,,,
146,4,2,2,10000,,,,,,
146,4,3,18,50,75000,,,,,
146,5,1,10,0.01,,,,,,
146,5,2,17,300000,58000,,,,,
146,6,1,9,400000,31000,,,,,
146,7,1,3,75000,40000,1,1,,40000,
146,8,1,20,5,65000,1,,,,
146,9,1,24,500,102000,1,,,,
146,10,1,13,750,,1,,1,,
146,11,1,12,200000,,1,,,,
147,1,1,26,25,,,,,,
147,1,2,8,300000,,,,,,
147,1,3,15,5,,,,,,
147,1,4,9,750000,,,,,,
147,1,5,4,750,,,,,,
147,1,6,10,10,39000,,,,,
147,2,1,7,300,,,,,,
147,2,2,22,200000,,,,,,
147,2,3,11,1,,,,,,
147,2,4,3,75000,,,,,,
147,2,5,16,1000000,29000,,,,,
147,3,1,1,50,,,,,,
147,3,2,20,500,,,,,,
147,3,3,24,50000,,,,,,
147,3,4,13,200,61000,,,,,
147,4,1,5,5000,,,,,,
147,4,2,23,500000,,,,,,
147,4,3,14,400,42000,,,,,
147,5,1,12,75,,,,,,
147,5,2,6,1000,71000,,,,,
147,6,1,19,10000,86000,,,,,
147,7,1,25,100,129000,1,1,,129000,
147,8,1,17,0.01,184000,1,,,,
147,9,1,21,100000,215000,1,,,,
147,10,1,18,25000,,1,,1,,
147,11,1,2,400000,,1,,,,
148,1,1,26,25,,,,,,
148,1,2,16,1,,,,,,
148,1,3,18,75000,,,,,,
148,1,4,2,5000,,,,,,
148,1,5,21,1000000,,,,,,
148,1,6,1,25000,32000,,,,,
148,2,1,19,200000,,,,,,
148,2,2,13,50000,,,,,,
148,2,3,3,5,,,,,,
148,2,4,4,100,,,,,,
148,2,5,5,200,74000,,,,,
148,3,1,11,400000,,,,,,
148,3,2,7,750,,,,,,
148,3,3,8,10000,,,,,,
148,3,4,25,750000,50000,,,,,
148,4,1,20,75,,,,,,
148,4,2,17,300,,,,,,
148,4,3,24,500000,23000,,,,,
148,5,1,9,500,,,,,,
148,5,2,15,0.01,36000,,,,,
148,6,1,12,50,66000,,,,,
148,7,1,10,10,88000,,,,,
148,8,1,14,400,121000,1,1,,121000,
148,9,1,22,1000,200000,1,,,,
148,10,1,6,300000,,1,,1,,
148,11,1,23,100000,,1,,,,
149,1,1,12,100,,,,,,
149,1,2,18,75000,,,,,,
149,1,3,15,200000,,,,,,
149,1,4,2,5000,,,,,,
149,1,5,21,75,,,,,,
149,1,6,16,400000,47000,,,,,
149,2,1,8,200,,,,,,
149,2,2,22,300000,,,,,,
149,2,3,19,5,,,,,,
149,2,4,5,750,,,,,,
149,2,5,14,500000,38000,,,,,
149,3,1,1,10000,,,,,,
149,3,2,26,300,,,,,,
149,3,3,23,400,,,,,,
149,3,4,7,10,94000,,,,,
149,4,1,25,1000000,,,,,,
149,4,2,3,1,,,,,,
149,4,3,13,25000,70000,,,,,
149,5,1,20,25,,,,,,
149,5,2,4,0.01,99000,,,,,
149,6,1,9,500,121000,,,,,
149,7,1,6,750000,33000,,,,,
149,8,1,11,100000,15000,1,1,,15000,
149,9,1,17,50,27000,1,,,,
149,10,1,10,1000,,1,,1,,
149,11,1,24,50000,,1,,,,
150,1,1,11,1,,,,,,
150,1,2,26,300,,,,,,
150,1,3,17,10,,,,,,
150,1,4,8,400,,,,,,
150,1,5,22,25000,,,,,,
150,1,6,10,75000,81000,,,,,
150,2,1,2,75,,,,,,
150,2,2,13,400000,,,,,,
150,2,3,24,1000000,,,,,,
150,2,4,6,500,,,,,,
150,2,5,9,100,55000,,,,,
150,3,1,1,750,,,,,,
150,3,2,15,0.01,,,,,,
150,3,3,12,25,,,,,,
150,3,4,23,500000,55000,,,,,
150,4,1,18,750000,,,,,,
150,4,2,14,5,,,,,,
150,4,3,5,50,64000,,,,,
150,5,1,25,10000,,,,,,
150,5,2,20,300000,47000,,,,,
150,6,1,16,200,60000,,,,,
150,7,1,3,100000,55000,1,1,,55000,
150,8,1,7,50000,74000,1,,,,
150,9,1,4,5000,111000,1,,,,
150,10,1,19,1000,,1,,1,,
150,11,1,21,200000,,1,,,,
151,1,1,2,25,,,,,,
151,1,2,19,750,,,,,,
151,1,3,25,10000,,,,,,
151,1,4,17,75000,,,,,,
151,1,5,22,750000,,,,,,
151,1,6,9,200000,40000,,,,,
151,2,1,14,1000,,,,,,
151,2,2,10,100,,,,,,
151,2,3,24,100000,,,,,,
151,2,4,4,5,,,,,,
151,2,5,7,300000,61000,,,,,
151,3,1,12,400,,,,,,
151,3,2,8,200,,,,,,
151,3,3,11,400000,,,,,,
151,3,4,23,50,97000,,,,,
151,4,1,21,0.01,,,,,,
151,4,2,1,25000,,,,,,
151,4,3,26,5000,128000,,,,,
151,5,1,6,1000000,,,,,,
151,5,2,5,500,75000,,,,,
151,6,1,16,50000,88000,,,,,
151,7,1,18,1,117000,1,1,,117000,
151,8,1,3,10,,1,,,,
151,9,1,13,300,,1,,,,
151,10,1,20,75,,1,,1,,
151,11,1,15,500000,,1,,,,
152,1,1,23,5,,,,,,
152,1,2,17,500000,,,,,,
152,1,3,2,500,,,,,,
152,1,4,22,0.01,,,,,,
152,1,5,11,50,,,,,,
152,1,6,10,10,65000,,,,,
152,2,1,6,5000,,,,,,
152,2,2,25,100000,,,,,,
152,2,3,8,50000,,,,,,
152,2,4,19,300,,,,,,
152,2,5,20,750,123000,,,,,
152,3,1,3,75,,,,,,
152,3,2,26,1000000,,,,,,
152,3,3,9,75000,,,,,,
152,3,4,14,750000,58000,,,,,
152,4,1,21,200,,,,,,
152,4,2,1,400000,,,,,,
152,4,3,4,1,51000,,,,,
152,5,1,7,100,,,,,,
152,5,2,24,25000,71000,,,,,
152,6,1,16,10000,94000,,,,,
152,7,1,18,25,121000,1,1,,121000,
152,8,1,5,1000,,1,,,,
152,9,1,12,300000,,1,,,,
152,10,1,13,200000,,1,,1,,
152,11,1,15,400,,1,,,,
153,1,1,3,50000,,,,,,
153,1,2,6,500,,,,,,
153,1,3,13,50,,,,,,
153,1,4,23,10000,,,,,,
153,1,5,26,25,,,,,,
153,1,6,16,100000,94000,,,,,
153,2,1,9,200,,,,,,
153,2,2,19,1,,,,,,
153,2,3,18,75000,,,,,,
153,2,4,11,75,,,,,,
153,2,5,10,0.01,130000,,,,,
153,3,1,4,400000,,,,,,
153,3,2,2,1000000,,,,,,
153,3,3,8,1000,,,,,,
153,3,4,14,400,100000,,,,,
153,4,1,20,300,,,,,,
153,4,2,5,100,,,,,,
153,4,3,21,750000,88000,,,,,
153,5,1,24,200000,,,,,,
153,5,2,12,10,107000,,,,,
153,6,1,15,750,131000,1,1,,131000,
153,7,1,17,25000,221000,1,,,,
153,8,1,22,500000,112000,1,,,,
153,9,1,1,300000,,1,,,,
153,10,1,7,5,,1,,1,,
153,11,1,25,5000,,1,,,,
154,1,1,14,25000,,,,,,
154,1,2,5,75000,,,,,,
154,1,3,17,1,,,,,,
154,1,4,15,300000,,,,,,
154,1,5,19,500,,,,,,
154,1,6,23,300,42000,,,,,
154,2,1,6,750,,,,,,
154,2,2,25,1000000,,,,,,
154,2,3,7,500000,,,,,,
154,2,4,13,400000,,,,,,
154,2,5,8,5,26000,,,,,
154,3,1,10,75,,,,,,
154,3,2,3,100000,,,,,,
154,3,3,18,10000,,,,,,
154,3,4,22,50000,39000,,,,,
154,4,1,2,10,,,,,,
154,4,2,4,50,,,,,,
154,4,3,16,200,77000,,,,,
154,5,1,12,100,,,,,,
154,5,2,9,200000,99000,1,1,,99000,
154,6,1,1,400,136000,1,,,,
154,7,1,26,1000,204000,1,,,,
154,8,1,24,25,269000,1,,,,
154,9,1,20,750000,,1,,,,
154,10,1,11,0.01,,1,,1,,Haley!
154,11,1,21,5000,,1,,,,
155,1,1,26,300000,,,,,,
155,1,2,21,0.01,,,,,,
155,1,3,23,500000,,,,,,
155,1,4,22,750,,,,,,
155,1,5,20,10000,,,,,,
155,1,6,18,1,36000,,,,,
155,2,1,2,50,,,,,,
155,2,2,14,25000,,,,,,
155,2,3,24,5000,,,,,,
155,2,4,12,10,,,,,,
155,2,5,8,400,86000,,,,,
155,3,1,6,100,,,,,,
155,3,2,11,500,,,,,,
155,3,3,4,1000,,,,,,
155,3,4,15,75000,149000,,,,,
155,4,1,10,75,,,,,,
155,4,2,3,1000000,,,,,,
155,4,3,17,50000,115000,,,,,
155,5,1,16,400000,,,,,,
155,5,2,7,200000,87000,,,,,
155,6,1,19,200,132000,,,,,
155,7,1,5,25,181000,,,,,
155,8,1,1,100000,228000,1,1,,228000,
155,9,1,25,300,413000,1,,,,
155,10,1,9,5,,1,,1,,
155,11,1,13,750000,,1,,,,
156,1,1,2,75000,,,,,,
156,1,2,16,1000,,,,,,
156,1,3,22,25,,,,,,
156,1,4,7,1,,,,,,
156,1,5,12,750000,,,,,,
156,1,6,5,25000,50000,,,,,
156,2,1,21,5,,,,,,
156,2,2,14,5000,,,,,,
156,2,3,19,400,,,,,,
156,2,4,24,75,,,,,,
156,2,5,9,500,90000,,,,,
156,3,1,13,100,,,,,,
156,3,2,20,750,,,,,,
156,3,3,10,100000,,,,,,
156,3,4,4,1000000,56000,,,,,
156,4,1,8,50000,,,,,,
156,4,2,26,400000,,,,,,
156,4,3,25,200,102000,,,,,
156,5,1,1,500000,,,,,,
156,5,2,3,0.01,51000,,,,,
156,6,1,23,10000,83000,,,,,
156,7,1,15,10,119000,1,1,,119000,
156,8,1,11,200000,94000,1,,,,
156,9,1,6,300000,,1,,,,
156,10,1,18,50,,1,,1,,
156,11,1,17,300,,1,,,,
157,1,1,5,500,,,,,,
157,1,2,10,300,,,,,,
157,1,3,15,100000,,,,,,
157,1,4,20,400000,,,,,,
157,1,5,25,1000000,,,,,,
157,1,6,6,200000,27000,,,,,
157,2,1,1,10,,,,,,
157,2,2,8,5,,,,,,
157,2,3,12,300000,,,,,,
157,2,4,16,75,,,,,,
157,2,5,3,750000,19000,,,,,
157,3,1,4,25,,,,,,
157,3,2,19,200,,,,,,
157,3,3,13,0.01,,,,,,
157,3,4,23,75000,32000,,,,,
157,4,1,9,1000,,,,,,
157,4,2,14,100,,,,,,
157,4,3,2,750,59000,,,,,
157,5,1,22,1,,,,,,
157,5,2,24,50000,78000,1,1,,78000,
157,6,1,21,50,97000,1,,,,
157,7,1,7,5000,138000,1,,,,
157,8,1,18,25000,180000,1,,,,
157,9,1,26,500000,,1,,,,
157,10,1,17,400,,1,,1,,
157,11,1,11,10000,,1,,,,
158,1,1,14,300000,,,,,,
158,1,2,6,50,,,,,,
158,1,3,2,5000,,,,,,
158,1,4,18,750,,,,,,
158,1,5,22,500000,,,,,,
158,1,6,13,25000,42000,,,,,
158,2,1,5,100,,,,,,
158,2,2,9,0.01,,,,,,
158,2,3,12,750000,,,,,,
158,2,4,16,1,,,,,,
158,2,5,26,75,35000,,,,,
158,3,1,23,10000,,,,,,
158,3,2,19,400,,,,,,
158,3,3,1,400000,,,,,,
158,3,4,11,50000,60000,,,,,
158,4,1,15,75000,,,,,,
158,4,2,10,200,,,,,,
158,4,3,8,25,91000,,,,,
158,5,1,7,200000,,,,,,
158,5,2,20,5,107000,1,1,,107000,
158,6,1,3,500,187000,1,,,,
158,7,1,24,100000,231000,1,,,,
158,8,1,21,1000,346000,1,,,,
158,9,1,4,10,453000,1,,,,
158,10,1,17,1000000,,1,,1,,
158,11,1,25,300,,1,,,,
159,1,1,26,400000,,,,,,
159,1,2,8,25,,,,,,
159,1,3,16,5000,,,,,,
159,1,4,4,10000,,,,,,
159,1,5,10,75,,,,,,
159,1,6,2,5,58000,,,,,
159,2,1,18,1000,,,,,,
159,2,2,6,1000000,,,,,,
159,2,3,22,10,,,,,,
159,2,4,20,200,,,,,,
159,2,5,24,50000,49000,,,,,
159,3,1,14,25000,,,,,,
159,3,2,9,500,,,,,,
159,3,3,19,75000,,,,,,
159,3,4,15,400,102000,,,,,
159,4,1,17,0.01,,,,,,
159,4,2,21,100,,,,,,
159,4,3,11,1,178000,,,,,
159,5,1,23,500000,,,,,,
159,5,2,5,750000,61000,,,,,
159,6,1,13,50,85000,,,,,
159,7,1,25,100000,119000,,,,,
159,8,1,1,200000,93000,1,1,,93000,
159,9,1,3,300,163000,1,,,,
159,10,1,12,750,,1,,1,,
159,11,1,7,300000,,1,,,,
160,1,1,8,400000,,,,,,
160,1,2,17,300000,,,,,,
160,1,3,9,10000,,,,,,
160,1,4,4,400,,,,,,
160,1,5,2,5000,,,,,,
160,1,6,22,75000,38000,,,,,
160,2,1,25,200,,,,,,
160,2,2,5,100,,,,,,
160,2,3,24,750,,,,,,
160,2,4,14,750000,,,,,,
160,2,5,6,10,47000,,,,,
160,3,1,26,200000,,,,,,
160,3,2,20,1000,,,,,,
160,3,3,3,500,,,,,,
160,3,4,1,500000,33000,,,,,
160,4,1,18,75,,,,,,
160,4,2,19,1000000,,,,,,
160,4,3,11,0.01,17000,,,,,
160,5,1,15,1,,,,,,
160,5,2,13,50,26000,,,,,
160,6,1,23,50000,20000,,,,,
160,7,1,10,25000,27000,1,1,,27000,
160,8,1,7,25,36000,1,,,,
160,9,1,21,300,49000,1,,,,
160,10,1,12,5,,1,,1,,
160,11,1,16,100000,,1,,,,
